"Гєбѕ1аЁЪБЦНОљ",ГЧЪаУћ,дТЗн,ШеЦк,ПеЦјжЪСПЫЎЦН,ПеЦјжЪСПжИЪ§,ПеЦјжЪСПжИЪ§ХХУћ,ЯИПХСЃЮя,ПЩЮќШыПХСЃЮя,ЖўбѕЛЏСђ,ЖўбѕЛЏЕЊ,вЛбѕЛЏЬМ,ID
40,ЮТжн,12,9,СМ,77,147,54,89,17,53,0.77,1
37,ЮТжн,12,10,СМ,73,129,51,94,16,63,0.65,2
45,ЮТжн,12,11,СМ,83,194,61,111,22,57,0.73,3
27,ЮТжн,12,12,СМ,90,247,66,115,18,62,0.8,4
49,ЮТжн,12,13,СМ,53,106,29,56,10,30,0.38,5
22,ЮТжн,12,14,СМ,55,118,29,59,7,48,0.59,6
10,ЮТжн,12,15,гХ,42,99,27,41,8,52,0.61,7
28,ЮТжн,12,16,гХ,34,42,20,31,8,35,0.68,8
54,ЮТжн,12,17,СМ,89,301,65,87,13,37,0.96,9
42,ЮТжн,12,18,СМ,73,199,52,81,14,51,0.85,10
39,ЮТжн,12,19,СМ,68,189,47,83,16,56,0.8,11
38,ЮТжн,12,20,СМ,89,246,65,113,19,66,0.82,12
27,ЮТжн,12,21,СМ,84,181,60,111,19,69,0.72,13
28,ЮТжн,12,22,СМ,91,130,66,129,20,74,0.78,14
6,ЮТжн,12,23,ЧсЖШЮлШО,144,245,108,187,21,85,0.97,15
50,ЮТжн,12,24,СМ,85,143,61,95,15,42,0.54,16
50,ЮТжн,12,25,СМ,81,163,57,104,19,55,0.59,17
48,ЮТжн,12,26,ЧсЖШЮлШО,101,189,74,145,19,62,0.74,18
35,ЮТжн,12,27,ЧсЖШЮлШО,101,174,72,136,16,65,0.78,19
11,ЮТжн,12,28,СМ,98,144,71,134,15,71,0.82,20
19,ЮТжн,12,29,СМ,61,61,41,63,11,50,0.65,21
19,ЮТжн,12,30,СМ,71,82,47,91,12,55,0.68,22
67,ЮТжн,12,31,СМ,96,136,70,120,14,37,0.86,23
45,ЮТжн,11,1,СМ,54,57,29,57,13,51,0.5,24
47,ЮТжн,11,2,СМ,61,68,33,71,15,55,0.54,25
78,ЮТжн,11,3,СМ,71,131,44,79,14,47,0.62,26
99,ЮТжн,11,4,СМ,71,173,44,73,10,25,0.55,27
58,ЮТжн,11,5,гХ,49,54,25,50,11,33,0.44,28
17,ЮТжн,11,6,СМ,72,114,51,86,18,66,0.72,29
6,ЮТжн,11,7,СМ,73,100,53,77,11,56,0.86,30
29,ЮТжн,11,8,СМ,58,109,41,62,12,53,0.76,31
68,ЮТжн,11,9,СМ,75,175,47,86,13,49,0.67,32
24,ЮТжн,11,10,СМ,61,131,32,69,17,65,0.61,33
33,ЮТжн,11,11,СМ,70,255,47,79,11,41,0.7,34
37,ЮТжн,11,12,СМ,54,108,26,55,11,39,0.52,35
44,ЮТжн,11,13,СМ,57,128,30,63,12,47,0.52,36
25,ЮТжн,11,14,СМ,59,182,36,66,9,51,0.61,37
27,ЮТжн,11,15,гХ,49,121,32,50,6,42,0.56,38
22,ЮТжн,11,16,гХ,47,81,26,49,9,48,0.68,39
9,ЮТжн,11,17,СМ,78,249,56,88,13,64,0.93,40
45,ЮТжн,11,18,гХ,33,42,15,31,5,25,0.38,41
53,ЮТжн,11,19,гХ,37,72,16,36,6,20,0.44,42
35,ЮТжн,11,20,гХ,27,42,13,26,6,25,0.58,43
15,ЮТжн,11,21,гХ,25,17,14,24,8,44,0.8,44
26,ЮТжн,11,22,гХ,22,7,11,21,7,31,0.73,45
63,ЮТжн,11,23,СМ,81,298,57,94,13,39,0.73,46
44,ЮТжн,11,24,СМ,77,251,52,101,15,54,0.69,47
19,ЮТжн,11,25,СМ,64,137,43,76,9,56,0.7,48
12,ЮТжн,11,26,гХ,40,45,23,39,10,53,0.68,49
37,ЮТжн,11,27,СМ,66,138,44,80,12,59,0.84,50
20,ЮТжн,11,28,СМ,95,207,67,130,15,82,1.2,51
8,ЮТжн,11,29,СМ,85,228,60,111,11,64,1.08,52
29,ЮТжн,11,30,гХ,26,6,14,24,7,36,0.71,53
43,ЮТжн,10,1,СМ,55,211,32,59,11,31,0.86,54
55,ЮТжн,10,2,гХ,47,195,24,46,10,26,0.87,55
52,ЮТжн,10,3,гХ,37,146,21,36,7,21,1.1,56
98,ЮТжн,10,5,СМ,54,286,21,45,9,18,0.48,57
91,ЮТжн,10,6,СМ,67,299,39,69,11,27,0.56,58
107,ЮТжн,10,7,СМ,100,340,73,101,10,22,0.85,59
89,ЮТжн,10,8,СМ,51,150,28,47,9,20,0.57,60
31,ЮТжн,10,9,СМ,54,232,34,56,11,44,0.74,61
26,ЮТжн,10,10,гХ,36,156,17,35,8,19,0.5,62
47,ЮТжн,10,11,гХ,40,200,18,38,10,22,0.61,63
67,ЮТжн,10,12,гХ,33,112,11,24,7,17,0.62,64
78,ЮТжн,10,13,гХ,38,125,10,22,6,8,0.36,65
52,ЮТжн,10,14,гХ,33,72,12,26,7,24,0.47,66
49,ЮТжн,10,15,гХ,26,38,9,16,7,23,0.51,67
47,ЮТжн,10,16,гХ,24,24,10,17,8,20,0.52,68
49,ЮТжн,10,17,гХ,25,37,9,18,8,19,0.48,69
56,ЮТжн,10,18,гХ,36,93,19,34,10,23,0.55,70
53,ЮТжн,10,19,гХ,42,114,26,42,10,27,0.59,71
50,ЮТжн,10,20,гХ,43,97,29,41,9,29,0.56,72
83,ЮТжн,10,21,гХ,40,60,18,34,8,22,0.4,73
102,ЮТжн,10,22,СМ,57,135,35,55,11,27,0.69,74
98,ЮТжн,10,23,СМ,69,216,46,67,12,32,0.74,75
90,ЮТжн,10,24,СМ,54,85,31,52,13,32,0.54,76
78,ЮТжн,10,25,СМ,54,75,29,53,12,39,0.51,77
73,ЮТжн,10,26,СМ,54,63,28,52,13,41,0.48,78
64,ЮТжн,10,27,СМ,61,84,35,64,15,55,0.55,79
103,ЮТжн,10,28,СМ,71,131,42,71,12,37,0.52,80
107,ЮТжн,10,29,СМ,64,146,37,62,11,24,0.55,81
85,ЮТжн,10,30,СМ,55,99,27,57,8,20,0.44,82
66,ЮТжн,10,31,гХ,50,47,24,50,12,36,0.46,83
108,ЮТжн,9,1,СМ,58,231,19,41,7,18,0.51,84
97,ЮТжн,9,2,СМ,56,190,18,38,8,18,0.47,85
71,ЮТжн,9,3,гХ,42,120,15,36,8,22,0.47,86
64,ЮТжн,9,4,гХ,42,146,17,39,9,28,0.52,87
64,ЮТжн,9,5,гХ,49,194,22,46,10,29,0.55,88
43,ЮТжн,9,6,гХ,42,135,22,38,8,25,0.45,89
54,ЮТжн,9,7,гХ,43,114,19,38,8,25,0.59,90
28,ЮТжн,9,8,гХ,41,105,27,38,6,34,0.91,91
54,ЮТжн,9,9,гХ,44,121,21,35,8,30,0.68,92
48,ЮТжн,9,10,гХ,39,93,19,35,9,25,0.63,93
70,ЮТжн,9,11,СМ,58,236,31,51,9,31,0.74,94
41,ЮТжн,9,12,гХ,30,16,14,27,8,26,0.82,95
97,ЮТжн,9,13,гХ,49,100,16,31,7,14,0.58,96
94,ЮТжн,9,14,гХ,46,81,15,34,8,16,0.52,97
87,ЮТжн,9,15,гХ,49,104,16,36,7,18,0.61,98
86,ЮТжн,9,16,гХ,44,57,19,43,7,19,0.61,99
124,ЮТжн,9,17,СМ,72,224,32,60,12,31,0.68,100
127,ЮТжн,9,18,СМ,100,289,47,82,14,43,0.8,101
98,ЮТжн,9,19,СМ,91,280,50,84,14,43,0.82,102
56,ЮТжн,9,20,СМ,57,216,33,62,12,31,0.72,103
52,ЮТжн,9,21,гХ,47,125,27,46,10,31,0.73,104
79,ЮТжн,9,22,СМ,51,112,24,44,11,29,0.65,105
77,ЮТжн,9,23,гХ,42,62,21,36,11,24,0.63,106
62,ЮТжн,9,24,гХ,44,123,25,41,12,29,0.65,107
63,ЮТжн,9,25,СМ,54,215,27,50,12,35,0.72,108
66,ЮТжн,9,26,СМ,56,231,32,58,13,39,0.77,109
79,ЮТжн,9,27,СМ,58,269,33,58,12,34,0.77,110
62,ЮТжн,9,28,гХ,43,142,24,39,9,34,0.75,111
54,ЮТжн,9,29,гХ,32,41,15,31,9,26,0.48,112
49,ЮТжн,9,30,гХ,50,170,25,50,11,35,0.7,113
43,ЮТжн,8,1,гХ,33,43,15,31,6,25,0.61,114
49,ЮТжн,8,2,гХ,42,158,20,41,8,25,0.54,115
63,ЮТжн,8,3,гХ,49,179,27,48,10,29,0.5,116
81,ЮТжн,8,4,СМ,65,236,35,61,12,32,0.6,117
57,ЮТжн,8,5,гХ,50,146,28,50,10,31,0.61,118
49,ЮТжн,8,6,СМ,51,148,29,51,10,36,0.64,119
51,ЮТжн,8,7,СМ,51,159,28,50,13,40,0.69,120
77,ЮТжн,8,8,СМ,73,314,37,61,15,40,0.77,121
60,ЮТжн,8,9,СМ,65,284,42,76,12,45,0.83,122
33,ЮТжн,8,10,СМ,52,170,29,58,11,42,0.74,123
71,ЮТжн,8,11,СМ,56,194,23,44,10,33,0.69,124
97,ЮТжн,8,12,СМ,58,240,32,53,9,27,0.64,125
81,ЮТжн,8,13,СМ,71,334,43,72,11,29,0.69,126
78,ЮТжн,8,14,СМ,73,326,40,76,12,38,0.79,127
69,ЮТжн,8,15,СМ,64,266,37,70,11,35,0.75,128
61,ЮТжн,8,16,СМ,58,233,25,51,11,38,0.65,129
82,ЮТжн,8,17,СМ,70,296,29,57,14,32,0.66,130
85,ЮТжн,8,18,СМ,57,238,27,46,11,27,0.55,131
85,ЮТжн,8,19,СМ,69,316,41,62,11,27,0.59,132
59,ЮТжн,8,20,СМ,53,230,27,45,11,29,0.52,133
53,ЮТжн,8,21,гХ,42,91,20,36,10,22,0.45,134
30,ЮТжн,8,22,гХ,29,21,15,28,7,13,0.41,135
40,ЮТжн,8,23,гХ,36,94,11,35,6,20,0.47,136
49,ЮТжн,8,24,гХ,46,199,21,43,8,27,0.57,137
57,ЮТжн,8,25,гХ,47,185,23,41,7,26,0.54,138
33,ЮТжн,8,26,гХ,28,35,11,25,8,18,0.43,139
27,ЮТжн,8,27,гХ,21,14,9,20,8,14,0.41,140
56,ЮТжн,8,28,гХ,36,113,15,28,9,20,0.52,141
54,ЮТжн,8,29,гХ,43,210,20,36,10,24,0.47,142
57,ЮТжн,8,30,гХ,34,108,14,29,9,18,0.43,143
85,ЮТжн,8,31,гХ,45,185,20,41,7,22,0.52,144
42,ЮТжн,7,1,гХ,41,126,19,40,10,26,0.4,145
45,ЮТжн,7,2,гХ,31,77,15,29,7,18,0.33,146
50,ЮТжн,7,3,гХ,41,129,20,40,11,28,0.43,147
63,ЮТжн,7,4,гХ,45,131,19,35,10,30,0.49,148
39,ЮТжн,7,5,СМ,51,170,29,52,11,41,0.65,149
54,ЮТжн,7,6,СМ,58,230,31,60,8,34,0.67,150
43,ЮТжн,7,7,гХ,44,168,18,43,10,30,0.55,151
40,ЮТжн,7,8,гХ,42,128,20,39,9,34,0.75,152
44,ЮТжн,7,9,СМ,51,209,31,49,12,34,1.11,153
51,ЮТжн,7,10,СМ,52,192,25,52,12,36,0.6,154
61,ЮТжн,7,11,СМ,59,177,30,61,13,35,0.59,155
84,ЮТжн,7,12,СМ,78,265,29,60,13,35,0.59,156
77,ЮТжн,7,13,СМ,62,197,25,49,10,37,0.6,157
66,ЮТжн,7,14,СМ,61,226,28,51,11,35,0.69,158
53,ЮТжн,7,15,гХ,42,129,18,39,12,24,0.53,159
29,ЮТжн,7,16,гХ,32,50,13,31,10,21,0.52,160
45,ЮТжн,7,17,гХ,38,80,13,39,10,19,0.53,161
61,ЮТжн,7,18,СМ,56,193,26,60,12,33,0.61,162
64,ЮТжн,7,19,СМ,62,253,31,60,16,41,0.58,163
91,ЮТжн,7,20,СМ,74,301,34,68,16,37,0.54,164
109,ЮТжн,7,21,СМ,84,344,45,74,16,33,0.58,165
56,ЮТжн,7,22,СМ,52,170,29,53,13,26,0.41,166
47,ЮТжн,7,23,гХ,47,110,20,45,13,24,0.44,167
77,ЮТжн,7,24,СМ,70,258,31,58,15,33,0.56,168
115,ЮТжн,7,25,СМ,96,324,46,81,15,43,0.66,169
113,ЮТжн,7,26,СМ,82,300,39,69,10,30,0.57,170
68,ЮТжн,7,27,СМ,55,155,33,56,12,28,0.53,171
50,ЮТжн,7,28,гХ,43,79,22,41,10,20,0.46,172
32,ЮТжн,7,29,гХ,32,21,14,31,8,15,0.46,173
36,ЮТжн,7,30,гХ,28,19,12,27,6,11,0.5,174
64,ЮТжн,7,31,гХ,38,70,11,36,6,13,0.53,175
34,ЮТжн,6,1,СМ,68,208,47,76,7,57,0.91,176
72,ЮТжн,6,2,СМ,56,157,35,49,7,32,0.67,177
64,ЮТжн,6,3,СМ,55,159,37,55,7,33,0.69,178
74,ЮТжн,6,4,гХ,46,104,22,40,8,28,0.54,179
34,ЮТжн,6,5,гХ,42,83,24,39,10,54,0.78,180
59,ЮТжн,6,6,СМ,55,243,35,49,11,42,0.78,181
66,ЮТжн,6,7,СМ,71,265,50,72,8,38,0.84,182
93,ЮТжн,6,8,СМ,65,208,46,67,12,46,0.86,183
67,ЮТжн,6,9,СМ,73,244,47,69,14,59,0.97,184
48,ЮТжн,6,10,СМ,79,307,57,85,15,62,1.03,185
58,ЮТжн,6,11,СМ,80,301,51,86,10,48,0.9,186
55,ЮТжн,6,12,гХ,44,119,25,41,11,34,0.53,187
41,ЮТжн,6,13,гХ,26,23,13,23,10,41,0.61,188
45,ЮТжн,6,14,гХ,30,33,11,19,7,36,0.59,189
35,ЮТжн,6,15,СМ,51,142,26,53,9,53,0.64,190
55,ЮТжн,6,16,гХ,33,51,19,25,6,36,0.52,191
60,ЮТжн,6,17,гХ,34,46,15,23,7,34,0.47,192
47,ЮТжн,6,18,гХ,46,81,23,43,9,33,0.47,193
32,ЮТжн,6,19,гХ,43,100,28,41,9,48,0.62,194
13,ЮТжн,6,20,СМ,53,156,37,53,10,58,0.91,195
28,ЮТжн,6,21,гХ,38,75,25,36,13,44,0.72,196
25,ЮТжн,6,22,СМ,66,274,48,54,15,75,1.2,197
63,ЮТжн,6,23,СМ,71,292,45,67,14,46,0.97,198
73,ЮТжн,6,24,СМ,84,338,59,97,14,56,0.84,199
44,ЮТжн,6,25,СМ,70,271,44,87,10,43,0.77,200
57,ЮТжн,6,26,гХ,41,97,21,38,12,43,0.72,201
47,ЮТжн,6,27,гХ,47,111,32,44,10,51,0.87,202
59,ЮТжн,6,28,СМ,70,217,50,66,13,54,0.87,203
40,ЮТжн,6,29,СМ,58,167,40,56,12,50,0.84,204
62,ЮТжн,6,30,СМ,55,180,30,50,11,33,0.57,205
87,ЮТжн,5,1,СМ,71,162,34,68,10,38,0.81,206
65,ЮТжн,5,2,гХ,47,44,28,47,5,32,0.86,207
80,ЮТжн,5,3,гХ,40,36,16,31,6,22,0.66,208
42,ЮТжн,5,4,гХ,45,103,26,46,15,48,0.68,209
25,ЮТжн,5,5,СМ,65,148,43,77,17,59,1.03,210
43,ЮТжн,5,6,гХ,47,32,28,45,13,50,0.82,211
62,ЮТжн,5,7,СМ,62,107,32,72,18,44,0.76,212
49,ЮТжн,5,8,ЧсЖШЮлШО,108,317,48,164,19,57,0.8,213
66,ЮТжн,5,9,СМ,77,269,42,95,12,50,0.86,214
71,ЮТжн,5,10,СМ,71,194,38,81,18,53,0.89,215
65,ЮТжн,5,11,СМ,71,186,46,87,19,49,0.95,216
45,ЮТжн,5,12,СМ,65,186,43,77,13,50,1.09,217
113,ЮТжн,5,13,СМ,65,169,19,33,13,30,0.91,218
116,ЮТжн,5,14,СМ,87,275,40,71,16,42,1.0,219
92,ЮТжн,5,15,СМ,66,237,38,64,10,34,0.82,220
71,ЮТжн,5,16,СМ,53,118,25,45,9,31,0.58,221
96,ЮТжн,5,17,СМ,55,59,22,45,11,27,0.51,222
103,ЮТжн,5,18,СМ,62,88,18,49,14,29,0.54,223
83,ЮТжн,5,19,СМ,55,81,24,52,14,31,0.53,224
60,ЮТжн,5,20,гХ,46,57,23,45,10,37,0.66,225
60,ЮТжн,5,20,гХ,46,57,23,45,10,37,0.66,226
64,ЮТжн,5,21,гХ,46,87,22,43,13,31,0.58,227
62,ЮТжн,5,22,СМ,51,170,22,50,15,30,0.6,228
57,ЮТжн,5,23,СМ,63,291,40,54,13,32,0.52,229
39,ЮТжн,5,24,СМ,56,191,38,43,8,36,0.66,230
104,ЮТжн,5,25,СМ,64,193,39,58,13,33,0.66,231
144,ЮТжн,5,26,ЧсЖШЮлШО,108,339,51,86,20,45,0.73,232
133,ЮТжн,5,27,ЧсЖШЮлШО,112,321,59,103,22,39,0.93,233
87,ЮТжн,5,28,СМ,63,61,22,52,17,33,0.57,234
71,ЮТжн,5,29,гХ,46,26,18,39,14,29,0.51,235
59,ЮТжн,5,30,гХ,42,32,19,39,10,25,0.55,236
49,ЮТжн,5,31,СМ,57,104,35,64,10,49,0.81,237
78,ЮТжн,4,1,СМ,71,194,50,74,9,42,0.71,238
76,ЮТжн,4,2,СМ,98,290,72,107,13,52,0.9,239
84,ЮТжн,4,3,СМ,96,287,66,110,16,61,0.85,240
89,ЮТжн,4,4,СМ,88,246,56,93,13,51,0.76,241
67,ЮТжн,4,5,СМ,74,196,49,92,14,54,0.89,242
24,ЮТжн,4,6,ЧсЖШЮлШО,101,257,75,126,30,88,1.06,243
20,ЮТжн,4,7,СМ,87,245,58,112,17,80,1.32,244
45,ЮТжн,4,8,СМ,76,243,52,84,19,57,0.93,245
18,ЮТжн,4,9,СМ,61,261,41,67,21,62,0.96,246
40,ЮТжн,4,10,гХ,42,97,26,42,16,55,1.04,247
44,ЮТжн,4,11,гХ,32,19,16,30,9,42,1.04,248
73,ЮТжн,4,12,СМ,53,111,33,55,14,45,0.89,249
67,ЮТжн,4,13,СМ,59,96,26,63,14,47,0.49,250
66,ЮТжн,4,14,СМ,69,152,33,83,21,57,0.55,251
52,ЮТжн,4,15,СМ,86,225,61,105,23,61,0.75,252
58,ЮТжн,4,16,ЧсЖШЮлШО,110,316,82,120,26,66,1.12,253
21,ЮТжн,4,17,ЧсЖШЮлШО,124,312,94,130,18,94,1.62,254
57,ЮТжн,4,18,СМ,68,159,46,75,14,61,1.06,255
78,ЮТжн,4,19,СМ,84,240,52,114,18,54,0.88,256
85,ЮТжн,4,20,СМ,64,181,37,62,12,45,0.9,257
81,ЮТжн,4,21,гХ,45,76,27,40,7,38,0.85,258
95,ЮТжн,4,22,СМ,61,139,31,60,10,32,0.67,259
124,ЮТжн,4,23,СМ,80,267,38,84,12,36,0.7,260
124,ЮТжн,4,23,СМ,80,267,38,84,12,36,0.7,261
101,ЮТжн,4,24,СМ,83,262,46,97,17,49,0.73,262
29,ЮТжн,4,25,СМ,86,296,60,113,16,86,1.1,263
36,ЮТжн,4,26,СМ,62,232,41,63,10,45,1.05,264
83,ЮТжн,4,27,гХ,44,82,15,29,8,33,0.67,265
102,ЮТжн,4,28,СМ,84,307,36,70,15,48,0.79,266
98,ЮТжн,4,29,СМ,86,249,45,88,17,56,0.84,267
93,ЮТжн,4,30,СМ,87,238,49,98,18,55,0.87,268
59,ЮТжн,3,1,СМ,76,169,52,94,15,58,0.72,269
82,ЮТжн,3,2,СМ,71,216,41,86,10,39,0.53,270
69,ЮТжн,3,3,СМ,83,225,58,97,15,48,0.79,271
40,ЮТжн,3,4,СМ,83,170,56,102,21,71,0.84,272
32,ЮТжн,3,5,СМ,68,160,47,74,10,52,0.85,273
68,ЮТжн,3,6,СМ,68,229,48,52,8,36,0.72,274
76,ЮТжн,3,7,СМ,58,166,33,65,13,37,0.59,275
68,ЮТжн,3,8,СМ,84,295,62,107,15,58,0.74,276
71,ЮТжн,3,9,ЧсЖШЮлШО,108,333,80,134,19,67,0.84,277
64,ЮТжн,3,10,СМ,78,196,57,82,6,51,0.76,278
33,ЮТжн,3,11,СМ,64,148,45,58,4,61,0.88,279
12,ЮТжн,3,12,СМ,75,239,54,70,7,68,1.09,280
31,ЮТжн,3,13,гХ,50,156,25,47,5,48,0.83,281
80,ЮТжн,3,14,СМ,52,155,24,52,5,29,0.52,282
78,ЮТжн,3,15,СМ,65,182,40,73,10,40,0.55,283
99,ЮТжн,6,1,СМ,55,114,18,41,7,29,0.71,284
97,ЮТжн,6,2,СМ,65,142,31,57,9,36,0.66,285
61,ЮТжн,6,3,СМ,55,83,32,59,8,49,0.73,286
52,ЮТжн,6,4,СМ,66,173,44,77,7,51,0.85,287
45,ЮТжн,6,5,СМ,62,171,42,67,7,45,0.96,288
60,ЮТжн,6,6,гХ,32,34,17,27,6,45,0.94,289
77,ЮТжн,6,7,СМ,52,99,22,42,7,33,0.83,290
69,ЮТжн,6,8,СМ,55,175,23,45,7,28,0.74,291
79,ЮТжн,6,9,гХ,49,132,26,46,7,24,0.63,292
68,ЮТжн,6,10,СМ,58,159,33,64,11,34,0.69,293
99,ЮТжн,6,11,СМ,54,103,21,39,7,27,0.77,294
97,ЮТжн,6,12,СМ,80,256,41,71,10,48,0.87,295
104,ЮТжн,6,13,СМ,71,236,32,60,8,31,0.76,296
66,ЮТжн,6,14,гХ,47,92,25,43,6,41,0.71,297
76,ЮТжн,6,15,гХ,49,116,17,36,6,22,0.54,298
83,ЮТжн,6,16,СМ,57,149,25,52,7,25,0.51,299
72,ЮТжн,6,17,СМ,51,118,25,50,6,18,0.45,300
52,ЮТжн,6,18,гХ,46,88,21,45,5,21,0.53,301
59,ЮТжн,6,19,гХ,38,70,14,37,4,24,0.65,302
56,ЮТжн,6,20,СМ,68,273,38,81,4,41,0.89,303
59,ЮТжн,6,21,гХ,29,19,10,22,4,22,0.62,304
53,ЮТжн,6,22,гХ,39,91,25,37,4,32,0.68,305
19,ЮТжн,6,23,гХ,42,123,24,42,5,40,0.86,306
65,ЮТжн,6,24,гХ,44,139,22,40,4,29,0.72,307
65,ЮТжн,6,25,СМ,56,212,28,53,4,28,0.74,308
54,ЮТжн,6,26,СМ,53,233,25,55,4,23,0.67,309
79,ЮТжн,6,27,СМ,61,270,33,61,4,22,0.64,310
70,ЮТжн,6,28,СМ,65,284,35,64,5,32,0.65,311
60,ЮТжн,6,29,СМ,64,229,31,63,7,41,0.69,312
46,ЮТжн,6,30,гХ,39,97,21,36,5,31,0.61,313
49,ЮТжн,5,1,СМ,76,243,54,78,7,43,1.35,314
49,ЮТжн,5,2,СМ,52,91,28,58,8,30,0.94,315
74,ЮТжн,5,3,гХ,48,44,21,47,9,36,0.73,316
78,ЮТжн,5,4,СМ,69,165,28,65,11,45,0.62,317
64,ЮТжн,5,5,СМ,67,228,41,77,13,56,0.69,318
67,ЮТжн,5,6,СМ,77,307,48,93,11,55,0.88,319
40,ЮТжн,5,7,СМ,64,212,36,77,8,56,0.98,320
65,ЮТжн,5,8,гХ,37,33,14,28,7,23,0.9,321
85,ЮТжн,5,9,СМ,57,124,19,43,8,27,0.64,322
113,ЮТжн,5,10,СМ,62,138,15,45,6,10,0.38,323
73,ЮТжн,5,11,СМ,56,121,26,59,7,22,0.51,324
68,ЮТжн,5,12,СМ,64,176,32,73,8,27,0.66,325
80,ЮТжн,5,13,СМ,72,174,43,87,8,29,0.8,326
93,ЮТжн,5,14,СМ,87,252,60,101,8,25,0.92,327
63,ЮТжн,5,15,СМ,54,110,30,57,6,13,0.66,328
59,ЮТжн,5,16,СМ,58,196,27,63,6,18,0.75,329
66,ЮТжн,5,17,СМ,60,189,30,63,7,19,0.74,330
90,ЮТжн,5,18,СМ,74,264,49,94,7,31,0.82,331
71,ЮТжн,5,19,СМ,60,203,39,66,6,29,0.78,332
56,ЮТжн,5,20,СМ,64,296,37,54,6,41,0.84,333
60,ЮТжн,5,21,гХ,38,59,20,34,6,25,0.75,334
54,ЮТжн,5,22,гХ,49,143,28,51,6,34,0.88,335
31,ЮТжн,5,23,гХ,38,24,20,38,6,36,1.05,336
80,ЮТжн,5,24,СМ,72,169,27,83,10,37,0.78,337
94,ЮТжн,5,25,СМ,98,299,50,133,10,44,0.82,338
65,ЮТжн,5,26,СМ,88,256,53,116,8,43,0.97,339
103,ЮТжн,5,27,СМ,66,161,35,58,6,26,0.8,340
55,ЮТжн,5,28,гХ,46,50,29,46,7,33,0.88,341
75,ЮТжн,5,29,СМ,54,96,32,51,7,30,0.84,342
65,ЮТжн,5,30,гХ,40,48,20,35,5,30,0.79,343
64,ЮТжн,5,31,гХ,39,44,10,37,5,29,0.78,344
57,ЮТжн,4,1,СМ,67,94,39,82,10,45,0.75,345
61,ЮТжн,4,2,СМ,77,132,38,102,11,42,0.7,346
33,ЮТжн,4,3,СМ,78,180,40,104,11,51,0.67,347
38,ЮТжн,4,4,СМ,63,158,40,73,9,49,0.76,348
15,ЮТжн,4,5,гХ,49,78,30,50,7,44,0.74,349
15,ЮТжн,4,5,гХ,49,78,30,50,7,44,0.74,350
31,ЮТжн,4,6,гХ,49,57,19,59,7,43,0.69,351
80,ЮТжн,4,7,СМ,87,289,33,123,9,30,0.47,352
78,ЮТжн,4,8,СМ,86,272,39,118,11,46,0.61,353
70,ЮТжн,4,9,СМ,76,144,40,96,11,54,0.65,354
81,ЮТжн,4,10,СМ,79,138,45,103,12,54,0.76,355
86,ЮТжн,4,11,СМ,100,253,70,133,15,80,0.94,356
62,ЮТжн,4,12,ЧсЖШЮлШО,115,339,86,149,18,78,1.03,357
43,ЮТжн,4,13,СМ,88,333,64,77,7,51,0.89,358
36,ЮТжн,4,14,СМ,53,143,32,44,8,44,1.03,359
68,ЮТжн,4,15,СМ,55,114,20,73,7,25,0.69,360
87,ЮТжн,4,16,СМ,87,201,33,122,10,39,0.64,361
86,ЮТжн,4,17,СМ,98,234,38,139,10,39,0.61,362
79,ЮТжн,4,18,СМ,79,116,37,97,11,53,0.6,363
70,ЮТжн,4,19,СМ,69,87,33,79,11,50,0.55,364
52,ЮТжн,4,20,СМ,69,142,32,85,10,40,0.56,365
45,ЮТжн,4,21,СМ,64,205,30,75,9,37,0.56,366
50,ЮТжн,4,22,СМ,73,318,47,91,10,43,0.83,367
50,ЮТжн,4,23,СМ,71,326,51,78,10,44,0.83,368
56,ЮТжн,4,24,гХ,34,36,14,24,7,22,0.76,369
116,ЮТжн,4,25,СМ,60,136,28,54,8,25,0.55,370
145,ЮТжн,4,26,ЧсЖШЮлШО,108,330,62,93,12,39,0.77,371
87,ЮТжн,4,27,СМ,94,270,68,104,13,59,0.89,372
97,ЮТжн,4,28,ЧсЖШЮлШО,106,281,72,127,15,61,1.01,373
72,ЮТжн,4,29,СМ,80,168,58,97,13,54,0.98,374
63,ЮТжн,4,30,СМ,93,263,68,96,8,47,1.35,375
68,ЮТжн,3,1,гХ,50,77,26,41,7,35,0.76,376
70,ЮТжн,3,2,СМ,62,150,43,55,6,36,0.9,377
53,ЮТжн,3,3,СМ,55,94,38,50,7,42,0.98,378
61,ЮТжн,3,4,гХ,47,77,32,44,7,35,0.9,379
25,ЮТжн,3,5,гХ,47,161,31,39,7,44,0.97,380
69,ЮТжн,3,6,гХ,35,45,14,25,8,23,0.46,381
59,ЮТжн,3,7,гХ,46,158,20,39,7,35,0.52,382
59,ЮТжн,3,8,гХ,28,30,11,21,6,23,0.52,383
95,ЮТжн,3,9,СМ,75,223,53,82,8,26,0.65,384
79,ЮТжн,3,10,СМ,89,246,65,98,12,47,0.75,385
63,ЮТжн,3,11,СМ,88,233,58,90,12,53,0.69,386
46,ЮТжн,3,12,СМ,53,43,30,56,11,50,0.59,387
39,ЮТжн,3,13,СМ,53,47,30,57,10,44,0.63,388
37,ЮТжн,3,14,СМ,56,88,33,61,10,47,0.66,389
15,ЮТжн,3,15,СМ,65,173,45,62,10,68,0.88,390
15,ЮТжн,3,16,гХ,44,50,28,43,8,47,0.84,391
71,ЮТжн,3,17,гХ,37,12,16,35,8,25,0.43,392
28,ЮТжн,3,18,СМ,66,213,37,77,11,68,0.8,393
8,ЮТжн,3,19,СМ,60,191,42,58,9,64,1.2,394
24,ЮТжн,3,20,гХ,22,5,12,16,7,35,0.75,395
73,ЮТжн,3,21,гХ,37,6,9,17,7,22,0.42,396
53,ЮТжн,3,22,СМ,53,40,30,55,11,50,0.52,397
67,ЮТжн,3,23,СМ,71,98,48,85,13,56,0.61,398
71,ЮТжн,3,24,СМ,70,114,44,83,13,55,0.66,399
67,ЮТжн,3,25,СМ,69,119,44,77,11,53,0.73,400
29,ЮТжн,3,26,СМ,70,121,49,69,9,63,0.84,401
58,ЮТжн,3,27,СМ,66,108,44,57,9,46,0.73,402
50,ЮТжн,3,28,СМ,67,102,40,70,11,50,0.75,403
39,ЮТжн,3,29,СМ,57,86,32,64,11,41,0.68,404
51,ЮТжн,3,30,СМ,51,46,22,51,10,32,0.58,405
59,ЮТжн,3,31,СМ,56,74,30,61,9,34,0.6,406
77,ЮТжн,2,1,СМ,62,49,44,59,12,29,0.74,407
64,ЮТжн,2,2,СМ,71,166,50,75,11,33,0.68,408
74,ЮТжн,2,3,СМ,95,330,70,105,14,28,0.8,409
66,ЮТжн,2,4,СМ,55,63,34,57,10,20,0.52,410
64,ЮТжн,2,5,СМ,59,113,39,63,14,31,0.67,411
50,ЮТжн,2,6,СМ,70,170,49,80,14,43,0.81,412
63,ЮТжн,2,7,СМ,89,206,66,97,15,39,0.8,413
69,ЮТжн,2,8,СМ,81,135,58,92,14,43,0.66,414
38,ЮТжн,2,9,СМ,90,127,66,97,9,49,0.8,415
42,ЮТжн,2,10,СМ,65,98,46,58,7,31,0.8,416
75,ЮТжн,2,11,СМ,80,172,47,90,8,23,0.77,417
72,ЮТжн,2,12,СМ,85,248,40,118,8,26,0.69,418
72,ЮТжн,2,13,СМ,77,189,38,101,9,32,0.73,419
73,ЮТжн,2,14,СМ,62,100,29,71,8,26,0.62,420
74,ЮТжн,2,15,СМ,63,105,36,70,8,22,0.6,421
77,ЮТжн,2,16,СМ,88,113,63,93,9,13,0.53,422
80,ЮТжн,2,17,гХ,50,63,27,42,6,11,0.49,423
68,ЮТжн,2,18,СМ,56,142,31,61,7,26,0.67,424
38,ЮТжн,2,19,СМ,70,243,49,83,6,26,0.83,425
58,ЮТжн,2,20,гХ,29,14,11,21,5,16,0.62,426
78,ЮТжн,2,21,гХ,39,54,10,15,5,12,0.66,427
65,ЮТжн,2,22,гХ,41,95,19,20,6,16,0.61,428
62,ЮТжн,2,23,гХ,44,96,29,38,7,22,0.73,429
32,ЮТжн,2,24,СМ,57,172,40,50,6,42,0.84,430
29,ЮТжн,2,25,гХ,26,6,17,24,7,31,0.74,431
61,ЮТжн,2,26,гХ,32,14,19,28,6,24,0.68,432
51,ЮТжн,2,27,СМ,57,117,39,58,7,41,0.76,433
31,ЮТжн,2,28,СМ,58,149,39,62,7,48,0.92,434
74,ЮТжн,1,1,ЧсЖШЮлШО,105,161,78,135,15,46,0.95,435
23,ЮТжн,1,2,СМ,99,211,73,129,16,72,1.05,436
18,ЮТжн,1,3,СМ,75,238,49,99,15,55,0.81,437
30,ЮТжн,1,4,гХ,30,65,12,28,7,36,0.56,438
20,ЮТжн,1,5,гХ,25,20,12,24,8,33,0.57,439
20,ЮТжн,1,6,гХ,33,62,20,32,7,38,0.79,440
5,ЮТжн,1,7,СМ,75,222,54,76,10,58,1.36,441
12,ЮТжн,1,8,гХ,39,63,26,38,8,33,1.21,442
55,ЮТжн,1,9,СМ,58,192,40,58,11,34,0.95,443
46,ЮТжн,1,10,СМ,54,163,30,58,13,50,0.79,444
32,ЮТжн,1,11,СМ,65,196,37,77,15,58,0.84,445
37,ЮТжн,1,12,СМ,75,216,51,95,16,54,0.74,446
26,ЮТжн,1,13,СМ,81,139,57,96,15,60,0.74,447
13,ЮТжн,1,14,СМ,73,95,48,95,18,73,0.9,448
24,ЮТжн,1,15,СМ,69,87,42,86,16,62,0.7,449
23,ЮТжн,1,16,СМ,85,129,57,114,17,84,0.76,450
35,ЮТжн,1,17,ЧсЖШЮлШО,118,207,89,147,17,82,0.98,451
50,ЮТжн,1,18,ЧсЖШЮлШО,135,232,101,143,15,71,0.99,452
34,ЮТжн,1,19,СМ,73,84,51,89,13,68,0.65,453
26,ЮТжн,1,20,СМ,90,149,66,111,14,65,0.8,454
18,ЮТжн,1,21,СМ,62,103,43,67,8,62,0.87,455
37,ЮТжн,1,22,гХ,38,23,22,38,10,47,0.96,456
39,ЮТжн,1,23,СМ,62,147,41,70,11,51,0.69,457
41,ЮТжн,1,24,гХ,50,104,31,53,8,34,0.82,458
38,ЮТжн,1,25,гХ,24,19,13,21,6,33,0.56,459
48,ЮТжн,1,26,гХ,25,10,8,14,6,19,0.36,460
30,ЮТжн,1,27,гХ,34,40,19,29,8,34,0.5,461
16,ЮТжн,1,28,гХ,24,19,13,17,8,36,0.56,462
48,ЮТжн,1,29,СМ,70,180,51,30,8,25,0.7,463
61,ЮТжн,1,30,ЧсЖШЮлШО,107,246,80,76,12,35,0.88,464
40,ЮТжн,1,31,СМ,62,95,44,60,8,39,0.84,465
47,ЮТжн,12,1,гХ,37,45,17,36,6,23,0.58,466
33,ЮТжн,12,2,СМ,62,128,38,68,11,45,0.85,467
22,ЮТжн,12,3,СМ,68,158,44,81,13,52,0.97,468
53,ЮТжн,12,4,СМ,69,202,43,82,12,43,0.93,469
76,ЮТжн,12,5,ЧсЖШЮлШО,105,283,78,120,13,36,1.01,470
56,ЮТжн,12,6,СМ,84,152,62,97,15,48,0.97,471
36,ЮТжн,12,7,СМ,96,190,70,116,17,70,1.05,472
61,ЮТжн,12,8,СМ,91,280,67,112,16,45,0.89,473
38,ЮТжн,12,31,ЧсЖШЮлШО,117,176,87,144,21,52,1.24,474
17,ЮТжн,11,1,гХ,25,21,17,24,5,36,0.75,475
69,ЮТжн,11,2,СМ,54,102,38,56,12,37,0.84,476
25,ЮТжн,11,3,СМ,86,182,63,98,18,69,1.13,477
4,ЮТжн,11,4,СМ,74,137,53,88,21,70,1.07,478
6,ЮТжн,11,5,СМ,55,99,37,57,12,59,1.29,479
4,ЮТжн,11,6,СМ,55,198,35,55,11,58,1.3,480
23,ЮТжн,11,7,СМ,56,224,36,59,16,52,1.12,481
2,ЮТжн,11,8,СМ,62,190,42,72,24,54,1.33,482
26,ЮТжн,11,9,гХ,26,13,13,24,10,43,1.55,483
74,ЮТжн,11,10,гХ,44,66,29,43,5,27,1.03,484
33,ЮТжн,11,11,СМ,59,141,41,56,8,49,1.0,485
11,ЮТжн,11,12,СМ,76,208,51,87,11,62,1.04,486
22,ЮТжн,11,13,гХ,34,61,20,34,9,45,0.92,487
5,ЮТжн,11,14,гХ,47,87,28,46,12,44,1.14,488
21,ЮТжн,11,15,СМ,68,179,48,78,21,68,1.52,489
13,ЮТжн,11,16,СМ,96,306,70,127,22,84,1.94,490
8,ЮТжн,11,17,СМ,84,301,61,98,19,62,1.62,491
14,ЮТжн,11,18,СМ,55,210,32,58,19,59,1.29,492
26,ЮТжн,11,19,СМ,51,126,28,51,15,41,0.95,493
20,ЮТжн,11,20,СМ,76,249,50,98,20,60,0.92,494
25,ЮТжн,11,21,СМ,72,254,48,91,15,55,1.03,495
35,ЮТжн,11,22,гХ,47,164,25,48,12,51,0.89,496
32,ЮТжн,11,23,СМ,53,228,31,57,14,42,0.89,497
46,ЮТжн,11,24,гХ,39,158,20,38,10,33,0.83,498
21,ЮТжн,11,25,гХ,30,45,14,29,6,29,0.74,499
65,ЮТжн,11,26,гХ,32,28,15,29,7,18,0.5,500
60,ЮТжн,11,27,гХ,45,66,26,46,15,29,0.57,501
19,ЮТжн,11,28,СМ,82,188,59,104,25,64,0.9,502
3,ЮТжн,11,29,СМ,81,164,59,93,15,51,1.02,503
4,ЮТжн,11,30,СМ,64,123,45,71,15,46,1.02,504
30,ЮТжн,10,1,гХ,37,54,22,37,6,33,0.89,505
101,ЮТжн,10,2,СМ,57,134,24,57,7,21,0.61,506
55,ЮТжн,10,3,СМ,62,157,37,72,9,33,0.66,507
42,ЮТжн,10,4,гХ,50,115,27,49,5,31,0.68,508
38,ЮТжн,10,5,гХ,41,84,26,41,8,35,0.73,509
52,ЮТжн,10,6,гХ,40,78,21,39,9,28,0.67,510
39,ЮТжн,10,7,гХ,42,104,22,42,10,37,0.67,511
41,ЮТжн,10,8,гХ,36,61,24,35,10,40,0.8,512
51,ЮТжн,10,9,гХ,39,69,24,35,7,33,0.63,513
43,ЮТжн,10,10,СМ,61,216,40,69,15,52,0.81,514
82,ЮТжн,10,11,СМ,68,237,42,78,17,42,0.7,515
95,ЮТжн,10,12,СМ,82,257,54,92,21,48,0.76,516
141,ЮТжн,10,13,ЧсЖШЮлШО,117,314,69,111,20,48,0.84,517
113,ЮТжн,10,14,ЧсЖШЮлШО,107,238,69,110,20,54,0.89,518
75,ЮТжн,10,15,СМ,86,161,54,89,17,56,0.79,519
73,ЮТжн,10,16,СМ,71,92,43,79,17,51,0.74,520
91,ЮТжн,10,17,СМ,64,80,35,64,10,35,0.55,521
82,ЮТжн,10,18,СМ,59,114,29,53,7,34,0.52,522
70,ЮТжн,10,19,СМ,56,74,33,58,11,42,0.61,523
79,ЮТжн,10,20,СМ,56,73,35,59,10,35,0.62,524
68,ЮТжн,10,21,СМ,57,80,30,60,11,37,0.61,525
66,ЮТжн,10,22,СМ,70,147,48,75,16,42,0.7,526
29,ЮТжн,10,23,СМ,84,177,62,99,18,60,0.91,527
62,ЮТжн,10,24,СМ,74,160,50,82,15,40,0.78,528
71,ЮТжн,10,25,СМ,58,135,36,62,9,28,0.67,529
49,ЮТжн,10,26,СМ,68,184,48,79,14,43,0.94,530
31,ЮТжн,10,27,СМ,76,295,55,91,16,47,1.17,531
36,ЮТжн,10,28,СМ,71,210,50,85,18,39,1.15,532
23,ЮТжн,10,29,СМ,78,273,52,101,15,47,1.07,533
9,ЮТжн,10,30,гХ,45,104,25,49,9,46,1.08,534
41,ЮТжн,10,31,гХ,33,47,18,32,8,33,0.64,535
88,ЮТжн,9,1,СМ,70,265,39,59,8,39,0.76,536
76,ЮТжн,9,2,СМ,78,299,47,71,11,43,0.88,537
89,ЮТжн,9,3,СМ,63,240,37,57,5,25,0.71,538
97,ЮТжн,9,4,СМ,83,319,50,70,8,32,0.87,539
42,ЮТжн,9,5,СМ,58,282,34,57,11,40,0.87,540
25,ЮТжн,9,6,СМ,51,195,30,54,10,37,0.8,541
74,ЮТжн,9,7,СМ,67,281,38,62,9,33,0.76,542
79,ЮТжн,9,8,СМ,57,177,26,43,7,26,0.63,543
101,ЮТжн,9,9,СМ,54,174,18,36,6,19,0.52,544
114,ЮТжн,9,10,СМ,71,281,23,44,8,25,0.54,545
102,ЮТжн,9,11,СМ,74,299,36,59,10,33,0.63,546
80,ЮТжн,9,12,СМ,73,326,52,78,11,40,0.81,547
117,ЮТжн,9,13,СМ,73,310,34,53,8,23,0.68,548
73,ЮТжн,9,14,СМ,52,93,25,45,7,26,0.53,549
35,ЮТжн,9,15,СМ,53,127,32,54,7,44,0.65,550
62,ЮТжн,9,16,гХ,42,47,22,40,8,37,0.74,551
98,ЮТжн,9,17,СМ,68,199,33,53,10,35,0.69,552
133,ЮТжн,9,18,СМ,91,300,41,66,12,29,0.59,553
91,ЮТжн,9,19,СМ,61,194,33,55,10,25,0.53,554
40,ЮТжн,9,20,гХ,35,49,23,34,4,42,0.6,555
49,ЮТжн,9,21,гХ,35,58,21,32,6,42,0.63,556
24,ЮТжн,9,22,гХ,48,120,32,46,6,55,0.79,557
51,ЮТжн,9,23,СМ,63,262,40,62,13,47,0.95,558
54,ЮТжн,9,24,СМ,55,198,35,56,13,44,0.9,559
53,ЮТжн,9,25,СМ,53,190,33,54,8,45,0.73,560
39,ЮТжн,9,26,гХ,50,148,34,51,11,45,0.69,561
75,ЮТжн,9,27,СМ,56,163,34,53,7,29,0.56,562
62,ЮТжн,9,28,гХ,49,137,27,44,7,34,0.61,563
42,ЮТжн,9,29,гХ,31,40,15,29,2,12,0.53,564
41,ЮТжн,9,30,гХ,36,69,20,35,5,24,0.74,565
91,ЮТжн,8,1,СМ,78,321,42,73,11,25,0.69,566
80,ЮТжн,8,2,СМ,64,261,32,57,11,22,0.62,567
72,ЮТжн,8,3,СМ,61,256,32,54,11,26,0.66,568
78,ЮТжн,8,4,СМ,70,313,37,61,12,28,0.69,569
74,ЮТжн,8,5,СМ,67,260,36,58,11,25,0.66,570
43,ЮТжн,8,6,гХ,48,121,29,47,9,20,0.62,571
19,ЮТжн,8,7,гХ,39,68,25,32,4,8,0.59,572
26,ЮТжн,8,8,гХ,36,90,21,29,2,2,0.52,573
49,ЮТжн,8,9,гХ,39,124,15,38,2,5,0.66,574
46,ЮТжн,8,10,гХ,33,87,18,32,4,15,0.8,575
40,ЮТжн,8,11,СМ,51,193,30,52,8,28,0.89,576
55,ЮТжн,8,12,гХ,49,129,28,50,8,30,0.76,577
74,ЮТжн,8,13,СМ,52,121,31,45,7,31,0.79,578
61,ЮТжн,8,14,гХ,46,107,31,43,7,40,0.92,579
50,ЮТжн,8,15,гХ,50,152,30,43,7,44,0.9,580
35,ЮТжн,8,16,гХ,48,126,29,49,7,40,0.82,581
62,ЮТжн,8,17,СМ,54,145,29,47,10,32,0.75,582
82,ЮТжн,8,18,СМ,59,162,37,56,10,20,0.61,583
65,ЮТжн,8,19,СМ,55,199,34,52,9,25,0.6,584
44,ЮТжн,8,20,гХ,50,178,26,49,12,27,0.62,585
28,ЮТжн,8,21,гХ,43,76,19,42,10,17,0.55,586
21,ЮТжн,8,22,гХ,31,18,14,30,5,10,0.53,587
22,ЮТжн,8,23,гХ,25,13,12,24,6,17,0.61,588
54,ЮТжн,8,24,гХ,34,40,22,25,5,19,0.69,589
77,ЮТжн,8,25,гХ,40,67,18,30,7,26,0.56,590
78,ЮТжн,8,26,СМ,68,194,35,56,12,39,0.77,591
57,ЮТжн,8,27,СМ,55,146,35,56,8,34,0.83,592
58,ЮТжн,8,28,СМ,60,169,39,58,9,35,0.85,593
75,ЮТжн,8,29,гХ,43,101,26,38,8,26,0.77,594
39,ЮТжн,8,30,СМ,61,176,43,63,13,45,0.92,595
72,ЮТжн,8,31,СМ,70,250,41,63,11,32,0.8,596
46,ЮТжн,7,1,СМ,70,288,46,89,10,33,0.89,597
55,ЮТжн,7,2,гХ,47,132,25,43,11,25,0.77,598
85,ЮТжн,7,3,гХ,44,120,18,27,6,25,0.84,599
57,ЮТжн,7,4,гХ,33,34,19,29,5,30,0.81,600
57,ЮТжн,7,5,гХ,36,54,19,27,4,36,0.73,601
54,ЮТжн,7,6,гХ,28,13,11,17,5,33,0.68,602
59,ЮТжн,7,7,гХ,30,14,11,19,7,25,0.59,603
28,ЮТжн,7,8,гХ,25,8,16,24,8,36,0.92,604
23,ЮТжн,7,9,гХ,29,15,18,28,9,28,0.81,605
29,ЮТжн,7,10,гХ,25,8,11,23,4,12,0.49,606
46,ЮТжн,7,11,гХ,24,17,4,15,2,6,0.41,607
44,ЮТжн,7,12,гХ,33,36,17,33,9,27,0.56,608
68,ЮТжн,7,13,СМ,63,122,32,57,15,33,0.59,609
67,ЮТжн,7,14,СМ,62,109,39,62,16,30,0.7,610
75,ЮТжн,7,15,СМ,58,155,38,59,15,24,0.76,611
74,ЮТжн,7,16,СМ,52,130,32,52,11,20,0.53,612
54,ЮТжн,7,17,СМ,52,152,33,53,11,21,0.58,613
41,ЮТжн,7,18,гХ,41,56,24,40,9,19,0.57,614
45,ЮТжн,7,19,гХ,45,68,26,43,9,16,0.56,615
32,ЮТжн,7,20,гХ,46,84,26,47,8,22,0.64,616
25,ЮТжн,7,21,гХ,32,54,17,31,6,27,0.72,617
34,ЮТжн,7,22,гХ,37,72,19,36,10,27,0.82,618
46,ЮТжн,7,23,гХ,46,154,25,45,13,28,0.76,619
47,ЮТжн,7,24,гХ,47,143,24,45,11,30,0.77,620
65,ЮТжн,7,25,СМ,67,238,35,61,13,35,0.89,621
67,ЮТжн,7,26,СМ,73,239,44,71,7,38,0.97,622
78,ЮТжн,7,27,СМ,82,293,44,80,10,35,0.89,623
77,ЮТжн,7,28,СМ,76,301,38,66,11,33,0.8,624
66,ЮТжн,7,29,СМ,63,238,23,46,11,29,0.71,625
74,ЮТжн,7,30,СМ,58,234,24,49,12,30,0.76,626
96,ЮТжн,7,31,СМ,87,349,48,79,12,34,0.86,627
32,ЮТжн,6,1,СМ,61,138,41,68,16,44,0.99,628
64,ЮТжн,6,2,СМ,82,282,53,96,20,44,0.93,629
30,ЮТжн,6,3,СМ,62,241,38,75,13,42,0.94,630
61,ЮТжн,6,4,гХ,38,52,17,35,8,32,0.64,631
33,ЮТжн,6,5,СМ,60,173,41,63,16,47,0.95,632
97,ЮТжн,6,6,СМ,74,221,43,68,15,31,0.88,633
112,ЮТжн,6,7,СМ,85,296,48,74,15,28,0.84,634
71,ЮТжн,6,8,СМ,90,324,66,106,15,45,1.13,635
35,ЮТжн,6,9,СМ,52,143,32,55,14,33,0.86,636
49,ЮТжн,6,10,СМ,65,199,44,71,19,44,0.96,637
28,ЮТжн,6,11,гХ,50,131,35,49,11,46,0.96,638
54,ЮТжн,6,12,СМ,58,154,40,69,18,49,0.82,639
61,ЮТжн,6,13,СМ,88,306,64,102,18,57,1.12,640
48,ЮТжн,6,14,СМ,52,142,34,53,13,41,0.89,641
67,ЮТжн,6,15,СМ,76,238,49,79,17,42,0.95,642
83,ЮТжн,6,16,СМ,86,276,44,85,21,38,0.85,643
61,ЮТжн,6,17,СМ,65,212,34,78,19,36,0.77,644
47,ЮТжн,6,18,СМ,59,208,32,69,14,35,0.85,645
75,ЮТжн,6,19,гХ,40,63,19,31,12,25,0.78,646
62,ЮТжн,6,20,гХ,35,33,21,31,6,27,0.8,647
41,ЮТжн,6,21,гХ,44,92,23,43,7,34,0.81,648
55,ЮТжн,6,22,СМ,70,241,49,79,16,51,1.01,649
62,ЮТжн,6,23,СМ,81,273,48,86,17,41,0.95,650
47,ЮТжн,6,24,СМ,52,196,29,53,10,34,0.85,651
52,ЮТжн,6,25,СМ,55,234,30,61,12,33,0.83,652
51,ЮТжн,6,26,СМ,63,250,35,76,14,35,0.79,653
56,ЮТжн,6,27,СМ,71,281,41,89,13,40,0.82,654
76,ЮТжн,6,28,СМ,72,273,42,86,10,32,0.74,655
90,ЮТжн,6,29,СМ,74,295,48,89,16,25,0.76,656
81,ЮТжн,6,30,СМ,82,341,48,88,10,39,0.85,657
96,ЮТжн,5,1,СМ,90,266,62,97,14,40,0.93,658
80,ЮТжн,5,2,СМ,87,332,64,102,14,46,1.04,659
68,ЮТжн,5,3,СМ,87,280,63,102,13,45,1.09,660
109,ЮТжн,5,4,СМ,77,246,54,85,16,48,0.9,661
87,ЮТжн,5,5,СМ,66,131,35,70,17,49,0.8,662
61,ЮТжн,5,6,СМ,88,229,62,116,27,74,1.09,663
70,ЮТжн,5,7,СМ,93,241,67,113,20,55,1.13,664
59,ЮТжн,5,8,СМ,71,223,50,84,24,64,0.95,665
59,ЮТжн,5,9,СМ,62,180,40,62,13,48,0.99,666
68,ЮТжн,5,10,СМ,52,107,31,54,20,37,0.88,667
40,ЮТжн,5,11,СМ,77,337,56,87,21,62,1.11,668
91,ЮТжн,5,12,гХ,45,73,14,37,9,28,0.63,669
74,ЮТжн,5,13,СМ,68,147,37,77,27,44,0.94,670
28,ЮТжн,5,14,СМ,81,227,58,105,19,61,1.16,671
54,ЮТжн,5,15,СМ,69,233,46,71,15,44,1.04,672
46,ЮТжн,5,16,гХ,40,56,23,37,8,40,1.01,673
70,ЮТжн,5,17,СМ,57,113,40,58,20,42,0.98,674
74,ЮТжн,5,18,СМ,79,220,47,73,12,37,1.14,675
66,ЮТжн,5,19,гХ,42,72,24,38,8,33,1.04,676
64,ЮТжн,5,20,СМ,52,127,32,47,14,40,1.01,677
94,ЮТжн,5,21,СМ,53,118,22,49,18,42,0.6,678
64,ЮТжн,5,22,СМ,60,147,37,65,12,44,0.71,679
26,ЮТжн,5,23,СМ,81,243,59,92,18,65,0.92,680
36,ЮТжн,5,24,СМ,71,185,50,83,18,53,0.78,681
74,ЮТжн,5,25,СМ,57,100,34,61,22,33,0.6,682
58,ЮТжн,5,26,СМ,66,148,43,77,21,39,0.64,683
46,ЮТжн,5,27,СМ,71,184,50,80,19,49,0.81,684
73,ЮТжн,5,28,СМ,96,274,71,103,20,47,1.13,685
62,ЮТжн,5,29,СМ,93,307,69,99,26,54,1.05,686
52,ЮТжн,5,30,СМ,75,283,51,90,20,49,1.18,687
44,ЮТжн,5,31,гХ,38,32,24,37,12,33,0.86,688
38,ЮТжн,4,1,СМ,81,265,57,92,17,61,1.61,689
31,ЮТжн,4,2,СМ,54,132,31,56,15,42,1.14,690
45,ЮТжн,4,3,СМ,67,192,40,81,11,40,0.95,691
28,ЮТжн,4,4,СМ,76,224,55,88,19,54,1.46,692
36,ЮТжн,4,5,СМ,63,162,43,69,13,47,1.06,693
28,ЮТжн,4,6,СМ,57,193,39,60,10,44,1.19,694
66,ЮТжн,4,7,гХ,32,28,8,17,2,22,0.83,695
64,ЮТжн,4,8,гХ,37,48,17,25,6,29,0.78,696
45,ЮТжн,4,9,СМ,65,195,45,70,10,55,0.96,697
30,ЮТжн,4,10,СМ,58,126,41,59,13,58,0.85,698
62,ЮТжн,4,11,СМ,76,202,52,87,23,57,0.88,699
78,ЮТжн,4,12,СМ,80,266,55,98,28,65,0.87,700
76,ЮТжн,4,13,СМ,81,298,48,104,15,52,0.91,701
79,ЮТжн,4,14,СМ,63,93,32,71,19,41,0.72,702
78,ЮТжн,4,15,СМ,80,154,53,105,29,67,1.0,703
84,ЮТжн,4,16,ЧсЖШЮлШО,119,280,81,154,37,86,1.32,704
98,ЮТжн,4,17,ЧсЖШЮлШО,113,257,84,157,24,56,1.09,705
20,ЮТжн,4,18,ЧсЖШЮлШО,126,325,95,167,31,93,1.42,706
29,ЮТжн,4,19,жаЖШЮлШО,163,359,123,189,36,120,2.17,707
21,ЮТжн,4,20,ЧсЖШЮлШО,101,342,74,110,19,63,1.72,708
88,ЮТжн,4,21,СМ,57,131,33,52,11,36,1.09,709
72,ЮТжн,4,22,СМ,83,269,52,97,21,59,1.08,710
58,ЮТжн,4,23,СМ,72,160,47,91,27,68,0.84,711
21,ЮТжн,4,24,СМ,89,244,65,121,34,95,1.04,712
36,ЮТжн,4,25,СМ,69,107,46,86,23,67,0.83,713
41,ЮТжн,4,26,СМ,82,171,57,108,33,74,0.85,714
48,ЮТжн,4,27,СМ,93,261,67,126,29,71,0.99,715
36,ЮТжн,4,28,СМ,92,272,68,104,23,73,1.23,716
74,ЮТжн,4,29,СМ,82,222,57,101,20,48,1.11,717
115,ЮТжн,4,30,СМ,95,247,68,109,19,39,0.92,718
56,ЮТжн,3,1,гХ,28,26,14,18,2,16,0.58,719
80,ЮТжн,3,2,СМ,67,149,48,62,10,26,0.74,720
27,ЮТжн,3,3,СМ,70,157,51,65,6,47,1.01,721
48,ЮТжн,3,4,СМ,65,232,45,67,4,28,0.71,722
40,ЮТжн,3,5,гХ,28,23,19,27,2,35,0.64,723
29,ЮТжн,3,6,гХ,26,25,17,20,4,41,0.74,724
47,ЮТжн,3,7,гХ,46,65,31,40,11,38,0.68,725
35,ЮТжн,3,8,СМ,60,130,42,54,10,58,0.95,726
49,ЮТжн,3,9,гХ,40,28,27,39,8,35,0.75,727
67,ЮТжн,3,10,СМ,63,177,41,68,8,30,0.58,728
51,ЮТжн,3,11,СМ,60,128,35,70,19,48,0.74,729
80,ЮТжн,3,12,СМ,77,180,56,95,26,55,0.74,730
51,ЮТжн,3,13,СМ,77,177,53,92,25,73,0.81,731
13,ЮТжн,3,14,СМ,76,137,52,99,25,86,1.09,732
32,ЮТжн,3,15,СМ,68,91,48,70,15,65,0.99,733
26,ЮТжн,3,16,СМ,76,140,55,70,21,78,1.23,734
29,ЮТжн,3,17,СМ,77,191,54,89,23,68,1.09,735
33,ЮТжн,3,18,СМ,68,194,42,76,22,63,1.07,736
22,ЮТжн,3,19,СМ,92,252,67,114,20,63,1.27,737
53,ЮТжн,3,20,СМ,95,245,70,110,26,59,1.07,738
24,ЮТжн,3,21,СМ,99,259,73,117,24,65,1.06,739
74,ЮТжн,3,22,ЧсЖШЮлШО,102,243,65,110,33,67,1.07,740
34,ЮТжн,3,23,СМ,80,248,47,109,22,74,0.87,741
78,ЮТжн,3,24,СМ,53,105,19,55,9,25,0.52,742
87,ЮТжн,3,25,гХ,47,58,17,42,13,23,0.54,743
54,ЮТжн,3,26,СМ,55,102,31,57,19,46,0.74,744
53,ЮТжн,3,27,гХ,37,19,21,32,6,37,0.69,745
60,ЮТжн,3,28,СМ,72,132,51,75,15,53,0.86,746
56,ЮТжн,3,29,СМ,95,197,68,96,28,70,0.99,747
48,ЮТжн,3,30,СМ,65,126,44,72,22,64,0.94,748
51,ЮТжн,3,31,СМ,90,248,66,83,19,61,1.33,749
30,ЮТжн,2,1,СМ,75,168,54,71,12,41,0.86,750
7,ЮТжн,2,2,СМ,71,102,50,82,12,56,0.9,751
9,ЮТжн,2,3,СМ,60,60,42,62,8,46,0.99,752
8,ЮТжн,2,4,гХ,49,55,34,44,10,46,0.75,753
62,ЮТжн,2,5,ЧсЖШЮлШО,117,275,88,108,18,41,0.74,754
50,ЮТжн,2,6,СМ,77,106,56,76,15,51,0.63,755
44,ЮТжн,2,7,СМ,80,119,58,90,14,64,0.71,756
73,ЮТжн,3,16,СМ,51,82,30,51,6,32,0.48,757
52,ЮТжн,3,17,СМ,58,104,36,58,6,45,0.57,758
19,ЮТжн,3,18,СМ,86,225,63,83,9,66,0.97,759
33,ЮТжн,3,19,СМ,68,175,48,63,9,50,0.91,760
24,ЮТжн,3,20,СМ,73,226,52,80,12,69,1.15,761
58,ЮТжн,3,21,СМ,70,200,49,76,11,43,0.84,762
80,ЮТжн,3,22,СМ,77,261,56,82,6,45,0.63,763
61,ЮТжн,3,23,СМ,51,124,33,46,8,44,0.72,764
75,ЮТжн,3,24,гХ,47,80,28,46,9,37,0.53,765
41,ЮТжн,3,25,гХ,39,53,24,38,7,45,0.7,766
63,ЮТжн,3,26,СМ,80,246,57,97,15,46,0.87,767
76,ЮТжн,3,27,СМ,90,295,58,114,15,54,0.83,768
27,ЮТжн,3,28,ЧсЖШЮлШО,113,334,84,152,24,98,1.01,769
52,ЮТжн,3,29,СМ,92,235,67,103,13,60,0.87,770
73,ЮТжн,3,30,ЧсЖШЮлШО,132,335,100,139,19,56,0.86,771
51,ЮТжн,3,31,СМ,69,227,48,63,6,46,0.76,772
48,ЮТжн,2,1,гХ,41,40,25,39,2,17,0.58,773
71,ЮТжн,2,2,гХ,47,75,31,44,2,13,0.72,774
49,ЮТжн,2,3,гХ,48,78,30,47,3,27,0.67,775
41,ЮТжн,2,4,гХ,43,28,24,42,4,29,0.58,776
22,ЮТжн,2,5,СМ,58,105,39,57,2,34,0.97,777
72,ЮТжн,2,6,СМ,87,209,64,86,4,21,1.12,778
87,ЮТжн,2,7,СМ,70,220,44,67,3,15,0.78,779
41,ЮТжн,2,8,гХ,33,30,17,32,2,28,0.64,780
64,ЮТжн,2,9,гХ,41,63,24,32,2,14,0.78,781
81,ЮТжн,2,10,СМ,74,216,53,75,9,28,0.94,782
66,ЮТжн,2,11,СМ,62,90,42,67,13,36,0.86,783
54,ЮТжн,2,12,СМ,71,100,47,77,13,48,0.87,784
50,ЮТжн,2,13,СМ,64,70,43,73,13,57,0.86,785
61,ЮТжн,2,14,СМ,67,78,47,73,13,53,0.67,786
57,ЮТжн,2,15,СМ,69,77,48,78,15,58,0.71,787
40,ЮТжн,2,16,СМ,66,81,45,77,15,58,0.73,788
49,ЮТжн,2,17,СМ,98,244,72,115,15,58,0.98,789
44,ЮТжн,2,18,СМ,81,158,57,99,11,35,0.75,790
41,ЮТжн,2,19,СМ,78,119,56,101,19,61,0.89,791
36,ЮТжн,2,20,СМ,98,251,71,126,16,61,1.12,792
62,ЮТжн,2,21,СМ,57,164,25,63,5,26,0.59,793
31,ЮТжн,2,22,СМ,60,169,40,63,7,50,0.82,794
31,ЮТжн,2,23,гХ,29,16,17,28,4,29,0.62,795
34,ЮТжн,2,24,СМ,85,256,62,80,6,37,0.86,796
25,ЮТжн,2,25,СМ,100,278,74,98,11,47,0.91,797
61,ЮТжн,2,26,ЧсЖШЮлШО,105,287,78,112,17,52,0.89,798
81,ЮТжн,2,27,ЧсЖШЮлШО,141,341,107,156,19,63,0.94,799
59,ЮТжн,2,28,СМ,98,236,69,110,16,58,0.77,800
18,ЮТжн,1,1,СМ,65,52,38,79,10,55,0.72,801
23,ЮТжн,1,2,СМ,73,75,47,94,14,59,0.79,802
36,ЮТжн,1,3,ЧсЖШЮлШО,112,130,83,149,22,77,1.06,803
34,ЮТжн,1,4,ЧсЖШЮлШО,103,121,73,133,21,73,1.0,804
31,ЮТжн,1,5,СМ,83,143,56,112,21,76,1.08,805
18,ЮТжн,1,6,СМ,66,151,36,81,12,61,0.91,806
18,ЮТжн,1,7,СМ,57,153,33,62,13,67,0.84,807
40,ЮТжн,1,8,гХ,32,14,12,30,5,32,0.74,808
65,ЮТжн,1,9,СМ,76,184,55,58,8,28,0.7,809
47,ЮТжн,1,10,ЧсЖШЮлШО,134,297,101,129,16,44,1.05,810
44,ЮТжн,1,11,СМ,72,178,49,77,6,31,0.89,811
16,ЮТжн,1,12,гХ,27,21,14,25,4,36,0.86,812
30,ЮТжн,1,13,гХ,41,68,28,40,7,43,0.86,813
70,ЮТжн,1,14,СМ,75,206,52,87,14,36,0.73,814
54,ЮТжн,1,15,гХ,47,103,22,47,6,30,0.48,815
43,ЮТжн,1,16,гХ,48,63,23,48,5,33,0.48,816
25,ЮТжн,1,17,СМ,53,77,29,55,5,46,0.56,817
13,ЮТжн,1,18,гХ,35,18,22,34,1,46,0.55,818
26,ЮТжн,1,19,гХ,21,2,11,19,1,37,0.58,819
56,ЮТжн,1,20,гХ,45,69,29,44,4,25,0.58,820
53,ЮТжн,1,21,СМ,52,54,27,53,5,31,0.49,821
57,ЮТжн,1,22,СМ,62,113,41,71,6,31,0.64,822
69,ЮТжн,1,23,СМ,71,144,49,84,8,29,0.69,823
69,ЮТжн,1,24,гХ,49,53,24,47,5,20,0.51,824
44,ЮТжн,1,25,СМ,51,44,31,51,3,31,0.54,825
54,ЮТжн,1,26,СМ,54,41,36,50,2,24,0.52,826
65,ЮТжн,1,27,СМ,58,69,39,58,3,20,0.51,827
63,ЮТжн,1,28,ЧсЖШЮлШО,127,179,94,123,6,22,0.65,828
50,ЮТжн,1,29,СМ,64,123,45,60,2,25,0.61,829
47,ЮТжн,1,30,гХ,48,109,31,47,2,14,0.8,830
69,ЮТжн,1,31,СМ,54,130,37,56,2,12,0.63,831
18,ЮТжн,12,1,СМ,71,131,48,90,13,63,1.0,832
46,ЮТжн,12,2,СМ,70,115,42,87,15,48,0.87,833
26,ЮТжн,12,3,СМ,66,75,37,79,19,60,0.9,834
29,ЮТжн,12,4,СМ,76,99,49,100,24,64,0.96,835
16,ЮТжн,12,5,ЧсЖШЮлШО,115,239,86,164,31,96,1.43,836
61,ЮТжн,12,6,СМ,94,214,69,126,14,42,0.96,837
56,ЮТжн,12,7,СМ,91,134,66,118,16,57,1.02,838
35,ЮТжн,12,8,ЧсЖШЮлШО,111,175,82,142,19,74,1.21,839
62,ЮТжн,12,9,ЧсЖШЮлШО,106,200,78,136,19,60,1.01,840
58,ЮТжн,12,10,ЧсЖШЮлШО,114,249,81,130,17,50,0.97,841
63,ЮТжн,12,11,СМ,53,54,25,53,9,27,0.53,842
28,ЮТжн,12,12,СМ,60,74,34,69,13,52,0.9,843
8,ЮТжн,12,13,СМ,74,164,47,96,18,57,1.21,844
25,ЮТжн,12,14,гХ,38,53,17,38,8,36,0.93,845
65,ЮТжн,12,15,гХ,49,71,30,49,9,24,0.79,846
50,ЮТжн,12,16,СМ,68,114,44,78,17,49,0.93,847
31,ЮТжн,12,17,СМ,85,121,59,107,20,64,1.1,848
21,ЮТжн,12,18,СМ,75,84,44,97,21,72,1.0,849
21,ЮТжн,12,19,СМ,79,82,49,107,19,68,1.22,850
21,ЮТжн,12,20,СМ,77,98,49,102,15,60,1.25,851
5,ЮТжн,12,21,СМ,70,135,43,88,14,59,1.35,852
16,ЮТжн,12,22,СМ,52,92,28,55,11,44,1.24,853
52,ЮТжн,12,23,СМ,57,103,37,62,15,41,1.25,854
55,ЮТжн,12,24,СМ,64,96,43,75,15,42,1.02,855
19,ЮТжн,12,25,СМ,65,178,38,78,16,58,0.91,856
16,ЮТжн,12,26,СМ,58,192,36,65,15,63,1.13,857
29,ЮТжн,12,27,гХ,27,9,12,26,7,30,1.01,858
46,ЮТжн,12,28,гХ,48,48,26,50,13,36,0.75,859
42,ЮТжн,12,29,СМ,64,120,42,74,13,46,0.77,860
42,ЮТжн,12,30,СМ,72,100,50,87,13,53,0.84,861
28,ЮТжн,12,31,СМ,71,69,43,89,15,60,0.78,862
62,ЮТжн,11,1,гХ,32,49,13,28,6,14,0.72,863
77,ЮТжн,11,2,гХ,42,83,15,34,9,14,0.58,864
67,ЮТжн,11,3,СМ,64,138,42,58,14,29,0.76,865
48,ЮТжн,11,4,СМ,74,147,53,90,18,55,0.98,866
44,ЮТжн,11,5,СМ,80,134,56,100,23,64,1.09,867
50,ЮТжн,11,6,СМ,72,104,47,89,17,47,1.14,868
20,ЮТжн,11,7,СМ,71,161,49,89,22,65,1.27,869
34,ЮТжн,11,8,гХ,39,97,20,41,10,35,0.94,870
42,ЮТжн,11,9,гХ,36,100,17,34,10,27,0.64,871
36,ЮТжн,11,10,гХ,31,43,15,30,6,32,0.69,872
28,ЮТжн,11,11,СМ,52,101,28,58,15,50,0.79,873
8,ЮТжн,11,12,СМ,77,194,55,91,17,73,1.04,874
28,ЮТжн,11,13,СМ,73,135,51,74,24,76,1.19,875
49,ЮТжн,11,14,СМ,97,208,71,120,22,79,1.45,876
27,ЮТжн,11,15,ЧсЖШЮлШО,106,254,79,113,11,62,1.5,877
56,ЮТжн,11,16,СМ,64,130,31,76,19,49,0.73,878
37,ЮТжн,11,17,СМ,79,191,48,102,20,67,0.74,879
35,ЮТжн,11,18,СМ,84,188,55,108,22,69,0.93,880
38,ЮТжн,11,19,СМ,95,224,68,128,26,75,1.03,881
16,ЮТжн,11,20,СМ,89,256,66,99,15,69,1.0,882
24,ЮТжн,11,21,СМ,69,251,46,69,17,68,1.04,883
27,ЮТжн,11,22,гХ,40,180,23,40,8,44,0.88,884
34,ЮТжн,11,23,гХ,20,33,6,12,5,20,0.57,885
22,ЮТжн,11,24,гХ,28,45,15,25,9,33,0.79,886
9,ЮТжн,11,25,гХ,48,100,28,48,12,46,1.11,887
11,ЮТжн,11,26,гХ,27,42,16,26,8,43,1.01,888
26,ЮТжн,11,27,гХ,33,30,20,34,11,46,1.15,889
58,ЮТжн,11,28,СМ,81,166,51,109,19,50,1.08,890
27,ЮТжн,11,29,СМ,87,191,54,122,18,56,1.02,891
12,ЮТжн,11,30,СМ,68,107,35,83,21,59,0.83,892
16,ЮТжн,10,1,гХ,28,18,9,27,7,21,0.58,893
26,ЮТжн,10,2,гХ,43,117,13,43,8,21,0.62,894
42,ЮТжн,10,3,СМ,51,160,24,51,10,28,0.82,895
66,ЮТжн,10,4,гХ,46,105,19,45,7,26,0.88,896
83,ЮТжн,10,5,СМ,63,193,39,65,10,40,0.83,897
74,ЮТжн,10,6,СМ,51,125,30,51,7,24,0.75,898
33,ЮТжн,10,7,гХ,34,39,20,32,6,35,0.73,899
34,ЮТжн,10,8,гХ,24,15,9,18,8,30,0.78,900
79,ЮТжн,10,9,гХ,40,99,12,31,6,21,0.7,901
52,ЮТжн,10,10,гХ,40,90,16,37,5,28,0.59,902
40,ЮТжн,10,11,гХ,32,42,18,31,7,37,0.71,903
66,ЮТжн,10,12,гХ,38,64,18,33,7,33,0.63,904
78,ЮТжн,10,13,СМ,58,158,28,61,10,38,0.82,905
50,ЮТжн,10,14,СМ,56,156,32,60,11,44,0.74,906
13,ЮТжн,10,15,СМ,57,170,32,62,10,59,1.04,907
31,ЮТжн,10,16,гХ,48,66,27,47,12,45,0.9,908
63,ЮТжн,10,17,СМ,66,207,39,81,8,35,1.0,909
32,ЮТжн,10,18,СМ,52,113,31,54,9,48,1.1,910
25,ЮТжн,10,19,СМ,57,150,38,54,14,64,1.04,911
27,ЮТжн,10,20,гХ,49,150,29,51,6,45,0.94,912
14,ЮТжн,10,21,гХ,43,166,18,45,6,34,0.76,913
20,ЮТжн,10,22,СМ,56,270,32,63,9,44,0.96,914
29,ЮТжн,10,23,гХ,38,140,20,37,9,34,0.9,915
48,ЮТжн,10,24,гХ,44,151,20,46,16,38,0.88,916
44,ЮТжн,10,25,СМ,66,256,37,80,17,51,0.89,917
45,ЮТжн,10,26,СМ,64,256,32,75,18,42,0.96,918
28,ЮТжн,10,27,СМ,74,317,47,97,18,50,1.09,919
56,ЮТжн,10,28,СМ,74,337,46,96,16,48,1.12,920
43,ЮТжн,10,29,гХ,25,35,8,21,4,17,0.72,921
63,ЮТжн,10,30,гХ,35,64,13,32,6,16,0.59,922
50,ЮТжн,10,31,гХ,48,195,27,48,10,28,0.77,923
67,ЮТжн,9,1,СМ,77,278,54,96,9,42,1.02,924
88,ЮТжн,9,2,СМ,59,194,33,51,6,26,0.93,925
109,ЮТжн,9,3,СМ,87,280,42,64,8,30,0.93,926
107,ЮТжн,9,4,СМ,73,221,39,62,6,25,0.84,927
72,ЮТжн,9,5,гХ,49,108,28,44,5,13,0.72,928
70,ЮТжн,9,6,гХ,40,71,21,37,5,13,0.65,929
66,ЮТжн,9,7,СМ,52,169,35,52,12,27,0.82,930
92,ЮТжн,9,8,СМ,61,186,30,47,8,22,0.84,931
117,ЮТжн,9,9,СМ,67,199,29,50,9,22,0.75,932
67,ЮТжн,9,10,СМ,67,235,47,73,9,37,0.89,933
51,ЮТжн,9,11,гХ,50,157,28,44,4,35,0.78,934
66,ЮТжн,9,12,гХ,34,47,16,25,5,30,0.67,935
48,ЮТжн,9,13,гХ,32,20,20,31,5,37,0.77,936
28,ЮТжн,9,14,гХ,28,14,16,27,6,35,0.71,937
17,ЮТжн,9,15,гХ,17,10,7,16,3,7,0.38,938
26,ЮТжн,9,16,гХ,26,48,12,25,6,15,0.46,939
21,ЮТжн,9,17,гХ,29,39,15,28,6,23,0.56,940
55,ЮТжн,9,18,гХ,32,54,21,27,6,22,0.55,941
86,ЮТжн,9,19,гХ,49,144,27,47,6,27,0.63,942
70,ЮТжн,9,20,СМ,54,154,30,54,11,35,0.72,943
98,ЮТжн,9,21,СМ,65,194,29,54,10,29,0.6,944
75,ЮТжн,9,22,СМ,53,85,21,45,13,41,0.55,945
76,ЮТжн,9,23,СМ,58,132,27,50,14,39,0.63,946
97,ЮТжн,9,24,СМ,60,128,25,49,13,33,0.69,947
90,ЮТжн,9,25,СМ,69,200,36,62,13,37,0.69,948
54,ЮТжн,9,26,СМ,58,136,37,62,10,35,0.71,949
17,ЮТжн,9,27,гХ,38,56,20,38,9,19,0.6,950
33,ЮТжн,9,28,гХ,30,57,12,29,6,9,0.56,951
32,ЮТжн,9,29,гХ,42,144,17,42,9,26,0.73,952
30,ЮТжн,9,30,гХ,43,129,20,43,11,32,0.74,953
27,ЮТжн,8,1,гХ,30,30,10,29,5,10,0.72,954
36,ЮТжн,8,2,гХ,33,58,12,32,7,14,0.88,955
35,ЮТжн,8,3,гХ,46,192,20,45,9,33,0.86,956
47,ЮТжн,8,4,гХ,40,131,19,39,9,29,0.69,957
60,ЮТжн,8,5,СМ,53,222,29,54,9,33,0.75,958
68,ЮТжн,8,6,СМ,61,260,37,57,8,31,0.88,959
43,ЮТжн,8,7,гХ,37,87,19,33,6,23,0.7,960
30,ЮТжн,8,8,гХ,34,67,14,33,8,25,0.74,961
22,ЮТжн,8,9,гХ,30,38,13,29,7,24,0.75,962
44,ЮТжн,8,10,гХ,28,28,12,24,7,16,0.65,963
21,ЮТжн,8,11,гХ,26,14,11,25,6,13,0.71,964
36,ЮТжн,8,12,гХ,23,8,10,21,4,12,0.68,965
34,ЮТжн,8,13,гХ,23,8,8,19,5,15,0.63,966
26,ЮТжн,8,14,гХ,23,9,9,22,6,12,0.5,967
37,ЮТжн,8,15,гХ,32,66,15,31,9,14,0.5,968
39,ЮТжн,8,16,гХ,45,130,21,44,11,19,0.58,969
41,ЮТжн,8,17,гХ,39,78,16,38,11,18,0.65,970
51,ЮТжн,8,18,гХ,41,91,18,39,9,19,0.64,971
66,ЮТжн,8,19,СМ,56,229,23,53,10,22,0.79,972
76,ЮТжн,8,20,СМ,65,280,26,58,10,26,0.89,973
72,ЮТжн,8,21,СМ,60,204,28,54,8,21,0.88,974
62,ЮТжн,8,22,СМ,52,127,26,53,10,17,0.76,975
91,ЮТжн,8,23,СМ,56,139,26,47,7,14,0.72,976
98,ЮТжн,8,24,СМ,65,194,30,56,9,19,0.73,977
121,ЮТжн,8,25,СМ,88,321,29,57,12,22,0.73,978
94,ЮТжн,8,26,СМ,61,308,29,56,8,16,0.78,979
74,ЮТжн,8,27,гХ,47,142,26,45,7,18,0.78,980
128,ЮТжн,8,28,СМ,72,277,17,39,6,17,0.65,981
127,ЮТжн,8,29,СМ,76,308,28,52,13,28,0.7,982
125,ЮТжн,8,30,СМ,88,329,41,69,10,26,0.83,983
121,ЮТжн,8,31,СМ,89,301,51,82,11,30,1.0,984
41,ЮТжн,7,1,гХ,48,223,22,47,9,26,0.8,985
50,ЮТжн,7,2,СМ,54,215,24,55,10,26,0.74,986
53,ЮТжн,7,3,СМ,54,198,26,55,8,25,0.76,987
45,ЮТжн,7,4,гХ,43,155,19,43,7,18,0.66,988
41,ЮТжн,7,5,гХ,32,88,15,31,8,13,0.55,989
29,ЮТжн,7,6,гХ,32,75,11,31,4,9,0.54,990
35,ЮТжн,7,7,гХ,28,35,9,26,4,7,0.54,991
32,ЮТжн,7,8,гХ,23,19,9,21,4,6,0.54,992
29,ЮТжн,7,9,гХ,21,16,8,19,3,6,0.61,993
46,ЮТжн,7,10,гХ,36,73,15,35,4,18,0.79,994
53,ЮТжн,7,11,гХ,37,69,17,36,3,18,0.65,995
50,ЮТжн,7,12,гХ,37,90,19,36,6,19,0.62,996
52,ЮТжн,7,13,гХ,46,173,27,47,9,27,0.71,997
45,ЮТжн,7,14,СМ,57,242,35,64,9,33,0.78,998
63,ЮТжн,7,15,СМ,63,313,34,65,9,31,0.75,999
50,ЮТжн,7,16,СМ,58,247,32,61,11,32,0.82,1000
46,ЮТжн,7,17,гХ,44,119,25,43,9,30,0.82,1001
24,ЮТжн,7,18,СМ,51,173,29,53,14,37,0.99,1002
55,ЮТжн,7,19,СМ,56,232,26,44,9,36,0.87,1003
60,ЮТжн,7,20,СМ,61,285,37,65,12,32,0.85,1004
81,ЮТжн,7,21,СМ,79,339,44,72,12,32,0.82,1005
97,ЮТжн,7,22,СМ,78,325,46,73,13,29,0.8,1006
99,ЮТжн,7,23,СМ,84,323,52,84,15,30,0.79,1007
87,ЮТжн,7,24,СМ,66,248,44,68,13,20,0.69,1008
76,ЮТжн,7,25,СМ,56,174,34,53,10,19,0.61,1009
66,ЮТжн,7,26,гХ,47,108,23,44,9,19,0.57,1010
84,ЮТжн,7,27,СМ,76,289,40,75,12,33,0.86,1011
85,ЮТжн,7,28,СМ,72,246,42,78,11,35,1.01,1012
101,ЮТжн,7,29,СМ,81,275,43,77,11,30,0.93,1013
70,ЮТжн,7,30,СМ,60,172,34,61,10,25,0.83,1014
42,ЮТжн,7,31,гХ,37,57,19,36,6,13,0.71,1015
47,ЮТжн,6,1,СМ,58,202,34,62,8,40,1.16,1016
67,ЮТжн,6,2,гХ,41,77,18,31,4,30,0.76,1017
41,ЮТжн,6,3,СМ,68,256,47,81,14,55,0.98,1018
60,ЮТжн,6,4,СМ,66,240,43,79,21,44,1.11,1019
102,ЮТжн,6,5,СМ,72,262,42,75,25,33,1.05,1020
96,ЮТжн,6,6,СМ,59,140,32,53,18,28,0.88,1021
62,ЮТжн,6,7,СМ,68,224,39,82,16,35,1.09,1022
46,ЮТжн,6,8,СМ,57,159,34,62,13,35,0.92,1023
57,ЮТжн,6,9,гХ,50,116,22,42,8,20,0.7,1024
45,ЮТжн,6,10,гХ,40,83,19,39,7,16,0.67,1025
46,ЮТжн,6,11,СМ,55,199,29,56,14,23,0.75,1026
27,ЮТжн,6,12,СМ,55,208,29,58,11,29,0.87,1027
44,ЮТжн,6,13,гХ,39,74,20,40,9,25,0.8,1028
65,ЮТжн,6,14,СМ,53,150,28,53,13,25,0.77,1029
31,ЮТжн,6,15,СМ,66,271,41,79,12,52,1.08,1030
50,ЮТжн,6,16,гХ,38,66,19,39,9,37,0.99,1031
44,ЮТжн,6,17,гХ,46,94,26,46,11,51,1.02,1032
28,ЮТжн,6,18,гХ,48,130,27,49,11,49,1.18,1033
60,ЮТжн,6,19,СМ,71,269,46,82,18,45,1.1,1034
58,ЮТжн,6,20,СМ,68,261,35,72,17,42,0.93,1035
61,ЮТжн,6,21,СМ,68,274,34,72,14,40,0.83,1036
79,ЮТжн,6,22,СМ,82,326,39,85,11,37,0.82,1037
77,ЮТжн,6,23,СМ,78,340,38,80,12,40,0.82,1038
84,ЮТжн,6,24,СМ,82,357,37,75,13,45,0.82,1039
69,ЮТжн,6,25,СМ,56,242,26,62,6,27,0.66,1040
47,ЮТжн,6,26,СМ,54,181,27,58,6,42,0.81,1041
45,ЮТжн,6,27,СМ,76,268,47,92,10,52,1.08,1042
19,ЮТжн,6,28,гХ,50,151,23,51,10,41,0.84,1043
31,ЮТжн,6,29,гХ,48,158,21,49,8,32,0.73,1044
44,ЮТжн,6,30,гХ,38,108,15,36,7,26,0.75,1045
97,ЮТжн,5,1,СМ,77,179,43,88,12,42,1.07,1046
73,ЮТжн,5,2,СМ,73,229,49,93,9,33,0.96,1047
80,ЮТжн,5,3,СМ,53,108,27,61,10,35,0.9,1048
81,ЮТжн,5,4,СМ,84,283,42,115,25,46,0.82,1049
51,ЮТжн,5,5,СМ,80,252,44,108,14,47,0.92,1050
52,ЮТжн,5,6,СМ,60,113,37,69,14,51,1.02,1051
57,ЮТжн,5,7,СМ,55,147,33,60,11,43,0.88,1052
38,ЮТжн,5,8,СМ,70,262,45,85,18,53,0.95,1053
10,ЮТжн,5,9,СМ,84,319,61,104,20,75,1.36,1054
45,ЮТжн,5,10,гХ,41,61,22,40,12,47,1.01,1055
115,ЮТжн,5,11,СМ,80,180,45,78,16,39,0.77,1056
99,ЮТжн,5,12,СМ,84,206,48,86,17,44,0.73,1057
87,ЮТжн,5,13,СМ,76,254,51,92,16,36,0.76,1058
83,ЮТжн,5,14,СМ,72,257,46,81,17,27,0.7,1059
37,ЮТжн,5,15,СМ,56,231,34,63,16,27,0.73,1060
89,ЮТжн,5,16,гХ,43,46,16,33,9,20,0.79,1061
108,ЮТжн,5,17,СМ,68,131,24,45,15,30,0.57,1062
81,ЮТжн,5,18,СМ,59,58,30,59,12,33,0.67,1063
84,ЮТжн,5,19,СМ,60,84,34,64,12,28,0.77,1064
43,ЮТжн,5,20,СМ,70,218,49,82,12,48,0.98,1065
31,ЮТжн,5,21,СМ,64,240,44,74,24,56,1.14,1066
71,ЮТжн,5,22,СМ,55,202,35,58,15,33,1.0,1067
105,ЮТжн,5,23,СМ,82,308,60,101,25,37,1.09,1068
83,ЮТжн,5,24,СМ,80,277,57,105,26,40,1.13,1069
80,ЮТжн,5,25,СМ,88,291,64,111,13,60,1.29,1070
80,ЮТжн,5,26,СМ,84,320,58,102,25,43,1.1,1071
75,ЮТжн,5,27,СМ,76,285,50,93,20,32,0.9,1072
50,ЮТжн,5,28,СМ,69,252,39,83,17,38,0.84,1073
33,ЮТжн,5,29,СМ,57,160,30,65,13,34,0.9,1074
73,ЮТжн,5,30,СМ,69,193,45,80,11,36,1.4,1075
86,ЮТжн,5,31,СМ,88,280,52,88,15,41,1.43,1076
81,ЮТжн,4,1,СМ,86,172,62,104,19,48,0.85,1077
56,ЮТжн,4,2,СМ,78,186,53,102,25,65,1.01,1078
27,ЮТжн,4,3,СМ,99,332,70,146,23,74,1.33,1079
35,ЮТжн,4,4,СМ,58,160,38,66,10,47,1.35,1080
64,ЮТжн,4,5,СМ,65,184,43,74,20,52,0.84,1081
37,ЮТжн,4,6,СМ,59,200,37,67,16,48,0.74,1082
4,ЮТжн,4,7,СМ,87,283,61,111,22,67,1.42,1083
8,ЮТжн,4,8,гХ,49,84,29,51,21,59,1.19,1084
37,ЮТжн,4,9,гХ,40,58,24,39,13,45,0.69,1085
34,ЮТжн,4,10,гХ,39,50,25,38,9,50,0.75,1086
24,ЮТжн,4,11,гХ,49,73,32,50,9,63,0.86,1087
47,ЮТжн,4,12,СМ,57,101,38,60,16,57,0.84,1088
18,ЮТжн,4,13,СМ,69,146,47,84,27,88,1.21,1089
21,ЮТжн,4,14,СМ,90,233,66,126,31,76,1.28,1090
39,ЮТжн,4,15,СМ,65,147,43,77,12,63,0.94,1091
20,ЮТжн,4,16,СМ,69,263,45,84,17,65,1.13,1092
71,ЮТжн,4,17,СМ,78,302,50,92,19,44,1.4,1093
102,ЮТжн,4,18,СМ,58,202,23,39,8,30,0.86,1094
83,ЮТжн,4,19,СМ,63,190,33,63,16,38,0.71,1095
23,ЮТжн,4,20,СМ,71,268,43,89,19,73,1.0,1096
13,ЮТжн,4,21,ЧсЖШЮлШО,102,292,70,145,25,83,1.53,1097
67,ЮТжн,4,22,СМ,70,187,39,79,25,56,1.15,1098
43,ЮТжн,4,23,СМ,89,284,62,125,25,73,1.12,1099
50,ЮТжн,4,24,СМ,54,133,30,59,14,44,0.97,1100
51,ЮТжн,4,25,СМ,59,142,39,67,15,48,0.89,1101
27,ЮТжн,4,26,СМ,100,333,71,146,30,72,1.1,1102
56,ЮТжн,4,27,СМ,93,320,68,125,26,64,1.27,1103
85,ЮТжн,4,28,СМ,82,270,60,104,22,56,1.25,1104
97,ЮТжн,4,29,СМ,92,254,57,107,22,61,1.29,1105
112,ЮТжн,4,30,ЧсЖШЮлШО,113,324,66,120,23,55,1.33,1106
79,ЮТжн,3,1,СМ,78,158,56,95,14,40,0.75,1107
54,ЮТжн,3,2,СМ,91,159,65,116,18,54,0.94,1108
39,ЮТжн,3,3,СМ,68,81,43,86,17,57,0.8,1109
47,ЮТжн,3,4,СМ,79,128,51,106,21,64,0.88,1110
44,ЮТжн,3,5,СМ,83,112,55,113,28,72,0.91,1111
38,ЮТжн,3,6,СМ,84,131,57,114,20,58,0.97,1112
40,ЮТжн,3,7,СМ,85,179,60,110,25,62,1.03,1113
15,ЮТжн,3,8,СМ,74,260,48,95,18,66,1.1,1114
56,ЮТжн,3,9,гХ,30,30,10,22,4,21,0.57,1115
48,ЮТжн,3,10,гХ,29,42,13,23,4,25,0.54,1116
67,ЮТжн,3,11,СМ,62,169,42,68,13,35,0.72,1117
77,ЮТжн,3,12,СМ,72,147,50,92,15,39,0.78,1118
17,ЮТжн,3,13,СМ,70,172,50,81,9,69,1.22,1119
82,ЮТжн,3,14,СМ,68,111,48,71,12,37,0.82,1120
91,ЮТжн,3,15,СМ,92,182,64,101,18,35,0.97,1121
33,ЮТжн,3,16,СМ,70,119,46,86,21,64,0.92,1122
30,ЮТжн,3,17,СМ,77,140,53,102,21,61,1.01,1123
26,ЮТжн,3,18,СМ,100,189,74,124,22,91,1.3,1124
50,ЮТжн,3,19,ЧсЖШЮлШО,112,239,83,152,28,73,1.17,1125
34,ЮТжн,3,20,СМ,69,102,46,85,26,65,0.83,1126
41,ЮТжн,3,21,СМ,82,205,57,112,29,77,0.92,1127
11,ЮТжн,3,22,СМ,94,268,68,128,18,81,1.08,1128
30,ЮТжн,3,23,СМ,54,156,34,62,9,48,0.84,1129
65,ЮТжн,3,24,гХ,39,58,20,35,8,29,0.44,1130
81,ЮТжн,3,25,СМ,61,171,35,67,13,36,0.54,1131
76,ЮТжн,3,26,СМ,76,226,44,90,20,53,0.7,1132
105,ЮТжн,3,27,СМ,72,175,50,86,16,41,0.71,1133
80,ЮТжн,3,28,СМ,90,245,64,110,20,63,0.79,1134
54,ЮТжн,3,29,ЧсЖШЮлШО,101,295,72,137,28,87,0.98,1135
16,ЮТжн,3,30,СМ,97,247,71,140,20,83,1.13,1136
64,ЮТжн,3,31,СМ,89,219,63,101,15,53,0.93,1137
53,ЮТжн,2,1,гХ,44,72,27,33,3,24,1.02,1138
55,ЮТжн,2,2,СМ,82,152,60,70,6,24,1.1,1139
72,ЮТжн,2,3,СМ,88,147,65,84,7,27,0.99,1140
52,ЮТжн,2,4,СМ,86,191,63,86,4,34,0.97,1141
70,ЮТжн,2,5,гХ,49,83,34,43,2,19,0.76,1142
89,ЮТжн,2,6,СМ,77,228,55,74,12,22,0.73,1143
74,ЮТжн,2,7,СМ,87,209,64,99,10,27,0.86,1144
59,ЮТжн,2,8,ЧсЖШЮлШО,135,152,101,143,10,28,0.78,1145
57,ЮТжн,2,9,СМ,67,101,47,75,4,28,0.65,1146
41,ЮТжн,2,10,СМ,64,126,43,73,4,39,0.81,1147
31,ЮТжн,2,11,СМ,60,138,41,68,3,37,0.85,1148
39,ЮТжн,2,12,гХ,45,60,27,45,2,19,0.8,1149
32,ЮТжн,2,13,гХ,38,74,24,36,3,26,0.88,1150
42,ЮТжн,2,14,гХ,33,71,20,28,2,14,1.01,1151
67,ЮТжн,2,15,гХ,36,85,23,32,5,11,0.45,1152
61,ЮТжн,2,16,гХ,45,135,29,44,6,25,0.5,1153
71,ЮТжн,2,17,СМ,54,122,35,54,7,29,0.54,1154
68,ЮТжн,2,18,СМ,58,83,40,61,9,38,0.61,1155
25,ЮТжн,2,19,СМ,57,74,38,60,5,49,0.72,1156
64,ЮТжн,2,20,СМ,83,190,54,99,11,36,0.71,1157
75,ЮТжн,2,21,СМ,94,216,42,136,8,28,0.67,1158
55,ЮТжн,2,22,СМ,56,74,28,68,3,33,0.81,1159
41,ЮТжн,2,23,гХ,27,22,18,25,4,29,0.85,1160
57,ЮТжн,2,24,СМ,66,174,46,74,8,31,0.93,1161
92,ЮТжн,2,25,СМ,58,102,34,62,10,24,0.67,1162
40,ЮТжн,2,26,СМ,70,183,48,84,13,54,0.89,1163
44,ЮТжн,2,27,СМ,53,95,32,56,12,45,0.68,1164
32,ЮТжн,2,28,СМ,72,170,45,91,19,64,0.83,1165
72,ЮТжн,2,29,ЧсЖШЮлШО,112,313,83,147,17,39,0.81,1166
40,ЮТжн,1,1,ЧсЖШЮлШО,119,181,89,135,13,53,1.23,1167
26,ЮТжн,1,2,СМ,87,100,63,111,24,72,1.22,1168
36,ЮТжн,1,3,ЧсЖШЮлШО,119,175,89,163,32,85,1.35,1169
30,ЮТжн,1,4,ЧсЖШЮлШО,125,215,93,160,29,80,1.44,1170
8,ЮТжн,1,5,СМ,92,248,64,126,18,66,1.2,1171
30,ЮТжн,1,6,гХ,36,39,13,35,8,35,0.67,1172
22,ЮТжн,1,7,СМ,63,152,43,62,10,43,0.88,1173
19,ЮТжн,1,8,СМ,92,219,68,103,12,47,1.2,1174
23,ЮТжн,1,9,СМ,95,184,70,105,14,51,1.32,1175
10,ЮТжн,1,10,СМ,77,160,55,87,10,63,1.45,1176
13,ЮТжн,1,11,гХ,39,76,24,38,8,50,1.16,1177
38,ЮТжн,1,12,гХ,26,10,17,25,4,25,0.74,1178
27,ЮТжн,1,13,СМ,58,126,41,59,10,34,0.75,1179
30,ЮТжн,1,14,СМ,95,211,70,102,16,45,1.02,1180
20,ЮТжн,1,15,СМ,90,173,66,94,11,53,1.18,1181
12,ЮТжн,1,16,СМ,93,184,69,115,17,69,1.33,1182
19,ЮТжн,1,17,гХ,42,61,26,45,7,49,1.24,1183
73,ЮТжн,1,18,СМ,75,177,54,78,10,35,1.03,1184
38,ЮТжн,1,19,жаЖШЮлШО,192,354,147,209,17,44,1.55,1185
38,ЮТжн,1,20,СМ,91,235,66,102,15,46,0.99,1186
17,ЮТжн,1,21,гХ,35,50,20,35,3,42,0.68,1187
20,ЮТжн,1,22,гХ,28,43,17,13,3,38,0.72,1188
50,ЮТжн,1,23,СМ,52,143,36,43,9,24,1.07,1189
75,ЮТжн,1,24,гХ,50,127,19,51,6,7,0.66,1190
55,ЮТжн,1,25,СМ,55,110,25,61,6,28,0.81,1191
19,ЮТжн,1,26,СМ,66,137,41,81,11,60,0.92,1192
7,ЮТжн,1,27,СМ,62,110,41,72,6,60,1.06,1193
2,ЮТжн,1,28,СМ,53,106,35,53,6,53,1.39,1194
1,ЮТжн,1,29,гХ,44,92,30,41,6,50,1.47,1195
17,ЮТжн,1,30,гХ,28,11,18,26,3,35,0.8,1196
44,ЮТжн,1,31,гХ,50,112,33,48,3,29,0.78,1197
5,ЮТжн,12,1,СМ,65,120,43,78,18,63,1.3,1198
9,ЮТжн,12,2,СМ,65,155,40,80,15,45,1.01,1199
33,ЮТжн,12,3,СМ,54,161,33,58,14,43,0.81,1200
24,ЮТжн,12,4,СМ,77,285,47,89,21,48,0.67,1201
24,ЮТжн,12,5,СМ,56,161,32,60,11,39,0.71,1202
26,ЮТжн,12,6,гХ,24,30,12,23,5,33,0.73,1203
38,ЮТжн,12,7,гХ,50,91,34,54,11,49,0.72,1204
45,ЮТжн,12,8,гХ,49,74,29,51,11,37,0.63,1205
4,ЮТжн,12,9,СМ,58,106,38,63,12,62,1.04,1206
10,ЮТжн,12,10,гХ,42,65,28,40,10,45,1.02,1207
13,ЮТжн,12,11,гХ,43,73,25,43,11,44,0.95,1208
33,ЮТжн,12,12,СМ,94,225,70,99,19,45,1.17,1209
12,ЮТжн,12,13,СМ,85,194,62,92,13,60,1.27,1210
6,ЮТжн,12,14,гХ,32,26,21,31,10,45,1.3,1211
47,ЮТжн,12,15,СМ,82,232,60,80,17,39,1.11,1212
58,ЮТжн,12,16,ЧсЖШЮлШО,122,358,91,126,23,39,1.07,1213
47,ЮТжн,12,17,СМ,55,164,32,57,15,25,0.68,1214
38,ЮТжн,12,18,СМ,55,91,30,58,16,43,0.82,1215
31,ЮТжн,12,19,СМ,65,117,42,74,17,49,0.97,1216
7,ЮТжн,12,20,СМ,71,89,47,90,18,62,1.15,1217
4,ЮТжн,12,21,СМ,82,104,59,92,20,53,1.16,1218
2,ЮТжн,12,22,СМ,74,85,53,77,15,60,1.55,1219
2,ЮТжн,12,23,гХ,50,42,33,49,15,57,1.55,1220
8,ЮТжн,12,24,гХ,42,42,29,37,12,55,1.4,1221
12,ЮТжн,12,25,гХ,34,32,19,32,9,48,1.31,1222
18,ЮТжн,12,26,СМ,60,105,40,68,19,48,1.39,1223
11,ЮТжн,12,27,СМ,66,153,46,74,15,55,1.39,1224
37,ЮТжн,12,28,СМ,75,153,54,88,13,42,1.12,1225
50,ЮТжн,12,29,СМ,72,104,51,85,14,36,1.01,1226
19,ЮТжн,12,30,СМ,93,142,68,120,22,67,1.39,1227
49,ЮТжн,10,29,СМ,73,314,40,95,11,61,0.57,1228
67,ЮТжн,10,30,СМ,72,283,40,86,12,57,0.53,1229
73,ЮТжн,10,31,СМ,66,221,32,74,10,45,0.55,1230
89,ЮТжн,11,1,гХ,50,83,18,45,7,14,0.37,1231
25,ЮТжн,11,2,гХ,34,24,18,33,5,40,0.53,1232
16,ЮТжн,11,3,гХ,33,27,19,32,6,39,0.72,1233
33,ЮТжн,11,4,гХ,38,69,18,37,7,38,0.69,1234
31,ЮТжн,11,5,гХ,48,177,23,51,7,34,0.72,1235
48,ЮТжн,11,6,гХ,36,122,14,33,6,30,0.59,1236
35,ЮТжн,11,7,гХ,48,210,25,48,6,39,0.58,1237
25,ЮТжн,11,8,гХ,47,191,22,51,7,36,0.75,1238
40,ЮТжн,11,9,гХ,33,37,14,33,7,29,0.71,1239
59,ЮТжн,11,10,СМ,55,144,31,59,8,31,0.68,1240
41,ЮТжн,11,11,СМ,61,177,36,72,8,47,0.79,1241
19,ЮТжн,11,12,гХ,34,49,17,34,5,37,0.86,1242
43,ЮТжн,11,13,гХ,25,11,12,22,5,28,0.63,1243
52,ЮТжн,11,14,гХ,43,76,20,44,6,28,0.55,1244
22,ЮТжн,11,15,СМ,63,229,39,74,7,54,0.82,1245
12,ЮТжн,11,16,гХ,38,165,22,38,6,39,0.75,1246
29,ЮТжн,11,17,гХ,24,60,10,22,5,30,0.6,1247
19,ЮТжн,11,18,гХ,34,108,16,34,5,38,0.76,1248
30,ЮТжн,11,19,гХ,19,8,6,14,6,23,0.66,1249
18,ЮТжн,11,20,гХ,48,137,27,54,7,42,0.86,1250
18,ЮТжн,11,21,гХ,28,25,12,27,6,38,0.91,1251
64,ЮТжн,11,22,гХ,35,47,16,33,5,18,0.65,1252
34,ЮТжн,11,23,СМ,61,143,34,71,8,48,0.66,1253
31,ЮТжн,11,24,СМ,65,124,32,81,8,51,0.73,1254
5,ЮТжн,11,25,СМ,66,105,36,81,8,57,0.86,1255
11,ЮТжн,11,26,гХ,47,44,27,50,6,51,0.91,1256
37,ЮТжн,11,27,СМ,53,59,27,57,6,44,0.71,1257
40,ЮТжн,11,28,СМ,68,107,42,85,8,51,0.81,1258
36,ЮТжн,11,29,СМ,76,154,50,90,8,59,0.88,1259
32,ЮТжн,11,30,СМ,80,153,48,106,9,61,0.85,1260
28,ЮТжн,12,1,СМ,75,149,34,98,7,52,0.74,1261
21,ЮТжн,12,2,СМ,71,149,34,89,7,47,0.88,1262
33,ЮТжн,12,3,СМ,71,149,40,90,7,40,0.95,1263
36,ЮТжн,12,4,гХ,49,142,28,53,5,30,1.0,1264
26,ЮТжн,12,5,гХ,27,14,6,22,4,28,0.81,1265
17,ЮТжн,12,6,гХ,38,110,12,37,5,30,0.7,1266
34,ЮТжн,12,7,гХ,19,27,3,9,4,16,0.59,1267
22,ЮТжн,12,8,гХ,14,13,4,10,5,21,0.49,1268
12,ЮТжн,12,9,гХ,17,29,6,14,5,29,0.64,1269
8,ЮТжн,12,10,гХ,22,36,9,20,5,29,0.72,1270
16,ЮТжн,12,11,гХ,20,17,7,19,5,25,0.62,1271
27,ЮТжн,12,12,гХ,36,59,22,36,5,24,0.64,1272
11,ЮТжн,12,13,СМ,76,150,55,71,6,40,1.06,1273
10,ЮТжн,12,14,гХ,49,86,33,51,7,43,1.0,1274
4,ЮТжн,12,15,СМ,70,156,46,85,9,54,0.87,1275
29,ЮТжн,12,16,гХ,40,42,18,41,6,34,0.68,1276
52,ЮТжн,12,17,СМ,64,124,38,76,9,49,0.66,1277
29,ЮТжн,12,18,СМ,80,189,44,108,11,65,0.68,1278
24,ЮТжн,12,19,ЧсЖШЮлШО,101,227,58,150,12,83,0.92,1279
6,ЮТжн,12,20,СМ,99,244,64,146,10,77,1.13,1280
17,ЮТжн,12,21,СМ,55,95,35,58,7,53,0.84,1281
43,ЮТжн,12,28,гХ,36,83,22,34,5,16,0.51,1282
43,ЮТжн,12,29,гХ,47,140,26,49,7,22,0.52,1283
26,ЮТжн,12,30,СМ,58,191,33,67,7,32,0.62,1284
11,ЮТжн,12,31,СМ,52,133,29,55,6,36,0.82,1285
47,ЮТжн,2,8,СМ,94,260,69,105,17,58,0.78,1286
68,ЮТжн,2,9,гХ,50,38,29,51,12,25,0.45,1287
57,ЮТжн,2,10,СМ,58,46,38,63,7,44,0.55,1288
41,ЮТжн,2,11,СМ,76,91,55,82,11,63,0.76,1289
54,ЮТжн,2,12,СМ,87,144,64,101,12,57,0.93,1290
71,ЮТжн,2,13,ЧсЖШЮлШО,108,215,80,124,11,57,0.92,1291
55,ЮТжн,2,14,СМ,93,118,66,111,9,59,0.92,1292
20,ЮТжн,2,15,СМ,83,137,60,103,6,61,0.98,1293
58,ЮТжн,2,16,СМ,84,123,61,84,5,31,0.86,1294
61,ЮТжн,2,17,ЧсЖШЮлШО,112,236,84,103,5,31,1.24,1295
94,ЮТжн,2,18,ЧсЖШЮлШО,122,287,92,129,10,20,1.06,1296
84,ЮТжн,2,19,ЧсЖШЮлШО,138,240,103,143,13,19,0.7,1297
36,ЮТжн,2,20,СМ,51,114,35,47,2,31,0.6,1298
20,ЮТжн,2,21,гХ,48,95,33,44,2,34,0.82,1299
24,ЮТжн,2,22,СМ,56,98,39,52,1,24,1.05,1300
38,ЮТжн,2,23,гХ,45,78,30,40,2,22,1.02,1301
56,ЮТжн,2,24,гХ,49,77,28,49,3,22,0.66,1302
37,ЮТжн,2,25,гХ,47,109,30,48,2,31,0.81,1303
47,ЮТжн,2,26,гХ,25,12,13,17,2,27,0.76,1304
76,ЮТжн,2,27,гХ,40,96,21,29,3,16,0.57,1305
43,ЮТжн,2,28,гХ,25,26,11,16,1,28,0.66,1306
46,ЮТжн,1,1,СМ,69,134,42,85,20,47,0.85,1307
31,ЮТжн,1,2,СМ,73,205,47,93,25,63,0.88,1308
25,ЮТжн,1,3,СМ,92,127,66,123,32,79,1.15,1309
37,ЮТжн,1,4,СМ,95,84,70,133,40,105,1.5,1310
5,ЮТжн,1,5,ЧсЖШЮлШО,131,176,98,168,46,110,1.66,1311
10,ЮТжн,1,6,ЧсЖШЮлШО,146,355,110,170,31,75,1.41,1312
23,ЮТжн,1,7,гХ,41,26,27,39,17,33,0.83,1313
34,ЮТжн,1,8,СМ,83,148,60,90,24,52,1.0,1314
33,ЮТжн,1,9,ЧсЖШЮлШО,129,223,97,146,35,77,1.47,1315
7,ЮТжн,1,10,жаЖШЮлШО,191,295,144,220,52,118,2.13,1316
26,ЮТжн,1,11,ЧсЖШЮлШО,122,219,91,147,45,92,1.69,1317
28,ЮТжн,1,12,ЧсЖШЮлШО,104,219,76,133,36,72,1.53,1318
21,ЮТжн,1,13,гХ,43,57,25,44,10,47,0.98,1319
33,ЮТжн,1,14,гХ,19,1,10,17,5,26,0.49,1320
37,ЮТжн,1,15,гХ,40,18,26,40,8,36,0.54,1321
32,ЮТжн,1,16,СМ,79,117,57,82,18,51,0.78,1322
59,ЮТжн,1,17,жаЖШЮлШО,156,307,119,164,28,53,1.04,1323
47,ЮТжн,1,18,жаЖШЮлШО,175,348,132,178,31,79,1.27,1324
40,ЮТжн,1,19,ЧсЖШЮлШО,108,246,77,132,29,73,0.95,1325
29,ЮТжн,1,20,СМ,90,150,58,125,31,74,1.08,1326
28,ЮТжн,1,21,СМ,95,159,66,133,29,80,1.3,1327
50,ЮТжн,1,22,ЧсЖШЮлШО,114,220,85,149,31,67,1.37,1328
34,ЮТжн,1,23,жаЖШЮлШО,167,283,126,188,32,83,1.72,1329
23,ЮТжн,1,24,ЧсЖШЮлШО,140,206,104,151,29,93,1.42,1330
16,ЮТжн,1,25,СМ,99,122,74,127,33,98,1.16,1331
20,ЮТжн,1,26,жаЖШЮлШО,182,255,142,224,29,95,1.46,1332
18,ЮТжн,1,27,ЧсЖШЮлШО,106,273,79,104,13,49,1.14,1333
39,ЮТжн,1,28,гХ,33,41,20,31,7,24,0.58,1334
22,ЮТжн,1,29,СМ,52,124,27,54,12,42,0.64,1335
9,ЮТжн,1,30,гХ,34,26,19,31,6,43,0.77,1336
35,ЮТжн,1,31,ЧсЖШЮлШО,103,296,76,92,15,33,0.94,1337
55,ЮТжн,12,1,СМ,61,54,42,63,16,29,1.09,1338
42,ЮТжн,12,2,СМ,99,170,73,124,26,29,1.13,1339
17,ЮТжн,12,3,СМ,68,86,44,88,19,60,1.19,1340
43,ЮТжн,12,4,гХ,48,56,31,51,22,39,0.96,1341
33,ЮТжн,12,5,СМ,66,82,45,76,31,54,0.88,1342
30,ЮТжн,12,6,СМ,64,43,43,77,28,59,0.77,1343
10,ЮТжн,12,7,СМ,76,61,54,94,36,74,0.9,1344
26,ЮТжн,12,8,ЧсЖШЮлШО,106,108,78,130,35,62,0.99,1345
38,ЮТжн,12,9,СМ,90,94,64,95,27,57,0.9,1346
15,ЮТжн,12,10,СМ,58,24,38,64,20,53,0.79,1347
16,ЮТжн,12,11,СМ,74,82,54,73,17,41,1.03,1348
41,ЮТжн,12,12,ЧсЖШЮлШО,120,174,90,134,26,45,1.2,1349
28,ЮТжн,12,13,СМ,91,111,64,118,34,65,0.94,1350
39,ЮТжн,12,14,СМ,73,24,50,92,28,52,0.71,1351
16,ЮТжн,12,15,СМ,71,24,49,86,23,66,0.81,1352
59,ЮТжн,12,16,СМ,70,83,45,86,25,32,0.43,1353
48,ЮТжн,12,17,СМ,55,24,26,64,22,37,0.4,1354
35,ЮТжн,12,18,СМ,79,56,52,106,31,59,0.9,1355
3,ЮТжн,12,19,СМ,80,63,58,105,32,63,1.1,1356
38,ЮТжн,12,20,СМ,85,117,60,103,32,64,0.97,1357
39,ЮТжн,12,21,ЧсЖШЮлШО,122,175,92,140,37,71,1.44,1358
29,ЮТжн,12,22,СМ,92,93,68,110,42,80,1.47,1359
17,ЮТжн,12,23,ЧсЖШЮлШО,109,85,80,143,46,97,1.83,1360
32,ЮТжн,12,24,СМ,100,66,74,125,33,90,1.56,1361
38,ЮТжн,12,25,ЧсЖШЮлШО,118,121,89,140,32,77,1.69,1362
39,ЮТжн,12,26,СМ,68,52,42,77,21,56,1.13,1363
24,ЮТжн,12,27,СМ,72,48,45,88,26,64,1.04,1364
10,ЮТжн,12,28,СМ,85,50,59,96,17,67,1.2,1365
29,ЮТжн,12,29,СМ,95,60,70,108,22,71,1.47,1366
28,ЮТжн,12,30,СМ,93,62,68,117,29,89,1.47,1367
20,ЮТжн,12,31,СМ,91,319,66,116,32,78,1.49,1368
11,ЮТжн,11,1,СМ,69,83,43,85,15,49,1.35,1369
34,ЮТжн,11,2,гХ,44,37,30,44,10,31,1.17,1370
66,ЮТжн,11,3,СМ,68,96,46,72,24,37,0.84,1371
50,ЮТжн,11,4,СМ,63,32,40,72,20,57,0.66,1372
42,ЮТжн,11,5,СМ,67,34,44,79,21,57,0.72,1373
43,ЮТжн,11,6,СМ,82,81,59,97,22,61,0.92,1374
71,ЮТжн,11,7,СМ,94,151,69,97,16,53,1.06,1375
36,ЮТжн,11,8,гХ,46,47,32,45,7,45,0.93,1376
22,ЮТжн,11,9,гХ,29,6,18,27,8,36,0.9,1377
35,ЮТжн,11,10,СМ,51,36,33,53,12,40,0.95,1378
27,ЮТжн,11,11,СМ,92,87,67,107,22,61,1.26,1379
26,ЮТжн,11,12,СМ,76,112,55,84,17,55,1.35,1380
65,ЮТжн,11,13,ЧсЖШЮлШО,108,174,81,118,27,45,1.24,1381
68,ЮТжн,11,14,СМ,71,55,45,71,24,41,1.08,1382
30,ЮТжн,11,15,СМ,71,42,49,86,22,65,1.25,1383
18,ЮТжн,11,16,СМ,53,16,34,55,10,46,1.21,1384
71,ЮТжн,11,17,СМ,88,74,65,88,16,33,1.35,1385
72,ЮТжн,11,18,ЧсЖШЮлШО,109,114,81,109,22,41,1.46,1386
63,ЮТжн,11,19,СМ,61,19,42,66,13,47,1.15,1387
44,ЮТжн,11,20,СМ,65,26,43,75,20,61,0.79,1388
17,ЮТжн,11,21,СМ,81,45,57,105,25,83,1.39,1389
28,ЮТжн,11,22,СМ,66,24,45,78,23,54,1.15,1390
21,ЮТжн,11,23,СМ,65,45,41,79,20,63,1.21,1391
20,ЮТжн,11,24,СМ,73,95,46,92,22,63,1.24,1392
8,ЮТжн,11,25,СМ,58,59,35,64,19,52,1.01,1393
54,ЮТжн,11,26,гХ,40,9,23,39,16,37,1.01,1394
57,ЮТжн,11,27,СМ,51,27,30,53,17,53,0.82,1395
37,ЮТжн,11,28,СМ,72,83,49,89,24,65,0.98,1396
10,ЮТжн,11,29,СМ,74,80,53,81,16,54,1.48,1397
24,ЮТжн,11,30,СМ,51,49,35,49,17,55,1.4,1398
76,ЮТжн,10,1,гХ,45,26,20,37,5,18,0.76,1399
100,ЮТжн,10,2,СМ,61,65,32,55,7,21,0.86,1400
106,ЮТжн,10,3,СМ,69,83,43,67,9,21,0.94,1401
78,ЮТжн,10,4,СМ,65,99,42,68,11,37,0.86,1402
102,ЮТжн,10,5,СМ,60,57,35,62,11,28,0.79,1403
104,ЮТжн,10,6,СМ,81,122,58,91,14,32,0.91,1404
96,ЮТжн,10,7,СМ,76,63,52,79,13,31,0.92,1405
70,ЮТжн,10,8,СМ,55,13,34,57,13,29,0.74,1406
79,ЮТжн,10,9,СМ,54,13,32,42,10,25,0.46,1407
41,ЮТжн,10,10,гХ,48,10,29,47,9,40,0.64,1408
45,ЮТжн,10,11,гХ,50,13,29,51,9,37,0.65,1409
92,ЮТжн,10,12,СМ,55,57,31,56,6,21,0.57,1410
110,ЮТжн,10,13,СМ,76,144,51,80,6,23,0.75,1411
98,ЮТжн,10,14,СМ,72,60,51,80,18,41,0.96,1412
108,ЮТжн,10,15,СМ,100,69,69,112,24,58,0.97,1413
97,ЮТжн,10,16,ЧсЖШЮлШО,134,152,93,141,28,77,1.11,1414
106,ЮТжн,10,17,ЧсЖШЮлШО,119,130,78,131,25,61,1.05,1415
64,ЮТжн,10,18,СМ,78,54,45,91,20,49,0.88,1416
36,ЮТжн,10,19,СМ,65,68,38,79,20,51,0.95,1417
22,ЮТжн,10,20,СМ,77,75,53,97,22,50,1.05,1418
40,ЮТжн,10,21,СМ,82,101,60,100,21,54,1.04,1419
56,ЮТжн,10,22,гХ,48,6,31,47,6,35,0.85,1420
56,ЮТжн,10,23,СМ,71,47,44,64,16,46,0.76,1421
55,ЮТжн,10,24,СМ,62,23,37,65,17,46,0.78,1422
42,ЮТжн,10,25,СМ,69,36,45,78,22,57,0.92,1423
60,ЮТжн,10,26,СМ,84,64,59,98,25,58,1.02,1424
53,ЮТжн,10,27,ЧсЖШЮлШО,103,135,74,118,22,56,1.17,1425
88,ЮТжн,10,28,СМ,61,47,35,64,9,26,0.77,1426
49,ЮТжн,10,29,СМ,60,73,34,69,16,50,0.91,1427
27,ЮТжн,10,30,СМ,73,101,49,93,21,58,1.14,1428
30,ЮТжн,10,31,СМ,78,114,53,97,23,51,1.14,1429
64,ЮТжн,9,1,СМ,67,138,34,58,12,39,0.85,1430
46,ЮТжн,9,2,СМ,54,105,27,48,9,37,0.76,1431
37,ЮТжн,9,3,гХ,50,106,26,45,11,41,0.81,1432
90,ЮТжн,9,4,СМ,71,123,40,59,14,35,0.92,1433
107,ЮТжн,9,5,СМ,91,126,59,80,15,40,1.07,1434
72,ЮТжн,9,6,СМ,64,51,39,57,10,32,0.88,1435
70,ЮТжн,9,7,СМ,56,50,28,43,10,34,0.95,1436
77,ЮТжн,9,8,СМ,59,67,29,44,8,31,0.97,1437
76,ЮТжн,9,9,СМ,58,84,37,51,8,27,1.04,1438
53,ЮТжн,9,10,СМ,56,61,39,59,7,35,1.15,1439
68,ЮТжн,9,11,гХ,41,25,25,38,7,29,1.17,1440
76,ЮТжн,9,12,СМ,56,115,31,54,13,35,1.23,1441
50,ЮТжн,9,13,СМ,60,120,39,66,12,38,1.21,1442
59,ЮТжн,9,14,гХ,45,66,28,42,7,30,0.88,1443
69,ЮТжн,9,15,гХ,49,98,28,48,7,25,0.73,1444
40,ЮТжн,9,16,гХ,45,71,24,44,7,32,0.76,1445
43,ЮТжн,9,17,СМ,52,111,30,53,12,33,0.95,1446
33,ЮТжн,9,18,гХ,50,83,28,48,4,33,1.1,1447
50,ЮТжн,9,19,гХ,41,33,26,31,7,32,1.01,1448
50,ЮТжн,9,20,гХ,26,2,12,23,5,35,1.04,1449
44,ЮТжн,9,21,гХ,27,1,15,21,5,46,1.12,1450
53,ЮТжн,9,22,гХ,27,2,9,14,7,22,0.7,1451
44,ЮТжн,9,23,гХ,30,20,14,24,10,31,0.64,1452
53,ЮТжн,9,24,СМ,53,73,31,52,13,34,0.78,1453
40,ЮТжн,9,25,гХ,47,20,32,45,12,39,0.78,1454
84,ЮТжн,9,26,СМ,71,68,45,72,18,36,0.84,1455
88,ЮТжн,9,27,СМ,83,100,49,81,17,38,0.87,1456
84,ЮТжн,9,28,СМ,64,96,41,68,10,22,0.78,1457
88,ЮТжн,9,29,СМ,75,154,41,71,14,32,0.83,1458
43,ЮТжн,9,30,гХ,44,49,26,45,8,30,0.97,1459
38,ЮТжн,8,1,гХ,29,29,15,28,3,16,0.58,1460
32,ЮТжн,8,2,гХ,29,6,15,28,5,26,0.68,1461
77,ЮТжн,8,3,СМ,61,66,34,54,9,32,0.86,1462
72,ЮТжн,8,4,СМ,58,58,39,56,5,25,0.85,1463
48,ЮТжн,8,5,СМ,52,77,33,53,8,30,0.89,1464
55,ЮТжн,8,6,гХ,47,57,26,46,7,25,0.93,1465
68,ЮТжн,8,7,СМ,56,86,33,53,8,28,1.01,1466
35,ЮТжн,8,9,СМ,53,89,35,54,10,42,1.2,1467
47,ЮТжн,8,10,СМ,62,102,43,63,6,42,1.33,1468
60,ЮТжн,8,11,СМ,58,73,38,54,5,35,1.46,1469
44,ЮТжн,8,12,гХ,45,48,29,42,6,39,1.32,1470
35,ЮТжн,8,13,гХ,48,66,27,48,9,46,1.34,1471
32,ЮТжн,8,14,гХ,39,38,24,38,7,47,1.44,1472
47,ЮТжн,8,15,гХ,38,19,24,37,6,44,1.53,1473
62,ЮТжн,8,16,гХ,37,15,22,29,4,38,1.27,1474
34,ЮТжн,8,17,гХ,50,63,35,48,7,45,1.44,1475
40,ЮТжн,8,18,СМ,58,94,41,59,7,44,1.25,1476
29,ЮТжн,8,19,гХ,31,24,19,29,7,35,1.09,1477
36,ЮТжн,8,20,гХ,24,13,12,20,6,36,0.64,1478
44,ЮТжн,8,21,гХ,44,26,26,41,13,42,0.74,1479
52,ЮТжн,8,23,СМ,59,63,38,65,12,46,0.89,1480
60,ЮТжн,8,24,СМ,70,142,47,75,11,47,1.05,1481
51,ЮТжн,8,25,СМ,69,114,40,67,15,48,1.0,1482
48,ЮТжн,8,26,СМ,52,39,32,50,12,39,0.91,1483
38,ЮТжн,8,27,СМ,54,63,36,54,10,29,0.79,1484
30,ЮТжн,8,28,гХ,44,39,23,43,13,35,0.74,1485
54,ЮТжн,8,29,гХ,50,50,24,41,10,37,0.64,1486
40,ЮТжн,8,30,СМ,56,76,37,58,9,39,0.71,1487
41,ЮТжн,8,31,СМ,54,88,34,51,10,40,0.78,1488
23,ЮТжн,7,1,СМ,57,50,38,60,19,63,1.13,1489
38,ЮТжн,7,2,СМ,58,61,36,58,8,45,0.96,1490
51,ЮТжн,7,3,СМ,52,45,34,54,8,44,0.91,1491
52,ЮТжн,7,4,СМ,72,104,51,81,18,44,0.94,1492
25,ЮТжн,7,5,гХ,50,55,28,53,8,26,0.64,1493
42,ЮТжн,7,6,СМ,56,83,29,57,4,28,0.71,1494
86,ЮТжн,7,7,СМ,65,76,38,65,7,25,0.82,1495
59,ЮТжн,7,8,СМ,57,51,39,60,7,18,0.75,1496
63,ЮТжн,7,9,СМ,51,56,31,52,7,23,0.72,1497
58,ЮТжн,7,10,СМ,72,98,47,79,6,41,0.99,1498
66,ЮТжн,7,11,СМ,82,99,39,80,6,36,1.0,1499
65,ЮТжн,7,12,СМ,71,114,35,63,9,36,1.0,1500
49,ЮТжн,7,13,СМ,62,98,37,73,4,30,1.03,1501
42,ЮТжн,7,14,гХ,48,56,24,48,10,37,1.13,1502
61,ЮТжн,7,15,СМ,56,79,31,57,10,41,1.12,1503
26,ЮТжн,7,16,гХ,45,56,25,45,16,29,0.98,1504
18,ЮТжн,7,17,гХ,33,17,15,32,8,17,0.62,1505
18,ЮТжн,7,18,гХ,29,21,11,28,6,17,0.52,1506
22,ЮТжн,7,19,гХ,35,32,15,34,9,19,0.59,1507
24,ЮТжн,7,20,гХ,41,38,18,39,10,26,0.67,1508
32,ЮТжн,7,21,гХ,38,25,17,37,10,23,0.67,1509
34,ЮТжн,7,22,гХ,33,12,15,32,9,18,0.61,1510
29,ЮТжн,7,23,гХ,28,3,12,27,2,8,0.62,1511
50,ЮТжн,7,24,гХ,47,58,24,47,3,14,0.65,1512
55,ЮТжн,7,25,СМ,52,65,34,48,6,27,0.66,1513
43,ЮТжн,7,26,гХ,49,32,27,49,4,27,0.7,1514
47,ЮТжн,7,27,СМ,52,38,30,53,7,32,0.72,1515
38,ЮТжн,7,28,гХ,47,24,24,46,15,35,0.65,1516
33,ЮТжн,7,29,гХ,42,17,21,41,10,28,0.51,1517
44,ЮТжн,7,30,гХ,43,29,21,41,13,23,0.56,1518
32,ЮТжн,7,31,гХ,41,33,23,40,6,20,0.59,1519
50,ЮТжн,6,1,гХ,45,36,31,45,7,46,1.37,1520
53,ЮТжн,6,2,СМ,57,74,34,58,5,46,1.49,1521
98,ЮТжн,6,3,СМ,68,109,45,72,14,31,1.36,1522
79,ЮТжн,6,4,СМ,73,98,47,79,17,41,1.4,1523
112,ЮТжн,6,5,СМ,83,104,57,91,17,34,1.11,1524
99,ЮТжн,6,6,СМ,74,94,47,71,15,46,0.85,1525
49,ЮТжн,6,7,СМ,56,66,36,60,19,49,0.81,1526
76,ЮТжн,6,8,СМ,60,53,33,55,13,29,0.76,1527
67,ЮТжн,6,9,гХ,50,40,30,48,9,20,0.71,1528
48,ЮТжн,6,10,гХ,41,22,22,40,5,21,0.58,1529
70,ЮТжн,6,11,СМ,54,37,30,52,10,23,0.58,1530
83,ЮТжн,6,12,СМ,68,59,40,72,21,27,0.7,1531
114,ЮТжн,6,13,СМ,98,103,55,94,18,36,0.86,1532
90,ЮТжн,6,14,СМ,81,67,51,82,15,29,0.82,1533
57,ЮТжн,6,15,СМ,58,31,39,63,12,25,0.83,1534
41,ЮТжн,6,16,СМ,63,51,40,73,12,32,0.95,1535
82,ЮТжн,6,17,СМ,56,53,37,58,5,31,0.95,1536
61,ЮТжн,6,18,СМ,54,52,37,51,5,34,1.31,1537
65,ЮТжн,6,19,гХ,49,58,33,43,7,32,1.15,1538
30,ЮТжн,6,20,СМ,60,111,40,64,19,49,0.91,1539
32,ЮТжн,6,21,СМ,64,117,43,72,12,45,0.78,1540
24,ЮТжн,6,22,гХ,37,24,18,36,6,33,0.79,1541
29,ЮТжн,6,23,гХ,25,3,15,20,6,46,0.84,1542
77,ЮТжн,6,24,гХ,39,33,20,25,7,37,0.77,1543
65,ЮТжн,6,25,СМ,55,78,36,52,19,52,0.89,1544
73,ЮТжн,6,26,СМ,82,138,48,79,14,46,0.87,1545
20,ЮТжн,6,27,СМ,76,137,54,93,6,51,1.07,1546
39,ЮТжн,6,28,гХ,42,31,25,42,13,36,0.88,1547
51,ЮТжн,6,29,гХ,48,43,30,46,16,46,0.92,1548
41,ЮТжн,6,30,гХ,47,35,30,47,14,44,0.82,1549
71,ЮТжн,5,1,СМ,78,38,47,89,12,52,1.27,1550
68,ЮТжн,5,2,СМ,68,54,42,76,8,50,1.31,1551
89,ЮТжн,5,3,СМ,78,92,47,103,15,44,1.24,1552
71,ЮТжн,5,4,СМ,84,151,57,119,16,58,1.44,1553
82,ЮТжн,5,5,гХ,47,41,23,48,9,34,1.18,1554
87,ЮТжн,5,6,СМ,61,47,30,69,13,40,1.18,1555
44,ЮТжн,5,7,СМ,73,63,45,96,28,71,1.53,1556
100,ЮТжн,5,8,СМ,93,98,64,121,28,61,1.39,1557
87,ЮТжн,5,9,СМ,94,130,66,109,23,56,1.05,1558
26,ЮТжн,5,10,СМ,52,66,35,59,7,68,1.04,1559
32,ЮТжн,5,11,СМ,66,151,46,75,16,62,1.24,1560
41,ЮТжн,5,12,СМ,53,39,38,53,9,58,1.4,1561
46,ЮТжн,5,13,СМ,63,44,45,63,18,62,1.16,1562
14,ЮТжн,5,14,СМ,75,85,55,78,14,84,1.6,1563
64,ЮТжн,5,15,СМ,81,104,60,82,18,75,1.37,1564
83,ЮТжн,5,16,СМ,95,105,70,101,21,59,0.99,1565
41,ЮТжн,5,17,ЧсЖШЮлШО,105,135,78,123,26,79,1.05,1566
16,ЮТжн,5,18,СМ,89,116,66,97,22,77,1.35,1567
30,ЮТжн,5,19,СМ,64,56,45,69,21,62,1.11,1568
60,ЮТжн,5,20,СМ,69,55,49,71,17,58,1.38,1569
106,ЮТжн,5,21,ЧсЖШЮлШО,102,99,74,112,19,54,1.28,1570
74,ЮТжн,5,22,СМ,62,46,42,62,9,50,0.98,1571
80,ЮТжн,5,23,гХ,45,35,12,17,3,29,0.73,1572
27,ЮТжн,5,24,гХ,36,14,22,32,10,57,0.84,1573
39,ЮТжн,5,25,СМ,76,79,54,89,22,69,1.1,1574
25,ЮТжн,5,26,СМ,99,97,74,124,19,73,1.51,1575
37,ЮТжн,5,27,ЧсЖШЮлШО,133,136,101,160,34,92,1.77,1576
49,ЮТжн,5,28,ЧсЖШЮлШО,107,118,80,153,29,90,1.48,1577
32,ЮТжн,5,29,ЧсЖШЮлШО,116,106,87,177,26,97,1.69,1578
42,ЮТжн,5,30,СМ,80,60,57,100,11,64,1.35,1579
49,ЮТжн,5,31,гХ,44,24,30,45,6,52,1.36,1580
21,ЮТжн,3,1,СМ,51,51,36,49,15,64,1.43,1581
41,ЮТжн,3,2,гХ,34,10,22,30,11,36,1.11,1582
51,ЮТжн,3,3,СМ,55,33,35,54,18,42,1.1,1583
23,ЮТжн,3,4,СМ,53,30,36,57,12,54,1.19,1584
54,ЮТжн,3,5,СМ,66,72,46,69,15,46,1.15,1585
53,ЮТжн,3,6,гХ,36,4,21,34,7,34,1.2,1586
38,ЮТжн,3,7,гХ,37,19,23,36,13,39,1.35,1587
40,ЮТжн,3,8,гХ,39,14,27,35,8,55,1.62,1588
35,ЮТжн,3,9,СМ,52,39,36,50,17,52,1.56,1589
56,ЮТжн,3,10,СМ,90,82,67,102,21,61,1.75,1590
25,ЮТжн,3,11,ЧсЖШЮлШО,128,130,97,152,30,82,2.21,1591
4,ЮТжн,3,12,СМ,87,107,64,83,13,91,2.84,1592
41,ЮТжн,3,13,СМ,66,62,47,60,13,48,2.18,1593
50,ЮТжн,3,14,СМ,98,134,73,107,25,59,2.19,1594
49,ЮТжн,3,15,СМ,90,65,63,112,30,73,2.25,1595
33,ЮТжн,3,16,СМ,95,74,68,132,28,85,2.43,1596
43,ЮТжн,3,17,ЧсЖШЮлШО,113,92,85,158,31,86,2.45,1597
45,ЮТжн,3,18,ЧсЖШЮлШО,149,111,113,181,34,104,2.45,1598
25,ЮТжн,3,19,ЧсЖШЮлШО,139,157,105,173,46,98,1.68,1599
36,ЮТжн,3,20,СМ,61,46,41,72,12,44,1.31,1600
66,ЮТжн,3,21,СМ,67,67,41,76,16,46,1.49,1601
56,ЮТжн,3,22,СМ,65,30,35,78,16,54,1.18,1602
43,ЮТжн,3,23,СМ,63,27,35,75,21,57,1.28,1603
31,ЮТжн,3,25,СМ,76,40,48,99,28,71,1.21,1604
55,ЮТжн,3,26,СМ,100,78,73,135,27,72,1.05,1605
42,ЮТжн,3,27,ЧсЖШЮлШО,114,95,86,128,33,93,1.13,1606
15,ЮТжн,3,28,ЧсЖШЮлШО,113,135,85,125,25,96,1.38,1607
31,ЮТжн,3,29,СМ,71,68,51,77,21,79,1.35,1608
79,ЮТжн,3,30,СМ,100,112,73,118,22,60,1.07,1609
89,ЮТжн,3,31,СМ,60,44,37,55,7,41,1.12,1610
42,ЮТжн,2,1,СМ,73,47,53,66,7,35,1.17,1611
54,ЮТжн,2,2,СМ,75,39,55,67,6,36,1.19,1612
48,ЮТжн,2,3,СМ,71,86,51,64,5,29,1.27,1613
62,ЮТжн,2,4,гХ,40,29,21,39,5,14,0.94,1614
48,ЮТжн,2,5,гХ,47,89,29,48,5,21,1.0,1615
30,ЮТжн,2,6,гХ,38,67,26,35,4,26,1.04,1616
12,ЮТжн,2,7,гХ,30,23,19,24,4,34,1.2,1617
37,ЮТжн,2,8,гХ,30,14,19,24,5,21,1.01,1618
40,ЮТжн,2,9,гХ,46,74,32,36,4,21,1.14,1619
57,ЮТжн,2,10,гХ,33,15,23,26,6,14,0.96,1620
59,ЮТжн,2,11,СМ,58,38,41,48,8,19,1.11,1621
37,ЮТжн,2,12,СМ,59,21,41,49,8,30,1.23,1622
18,ЮТжн,2,13,гХ,36,16,25,28,9,36,1.47,1623
39,ЮТжн,2,14,гХ,49,11,34,41,9,29,1.43,1624
48,ЮТжн,2,15,СМ,56,14,38,50,12,38,1.34,1625
14,ЮТжн,2,16,гХ,40,12,27,37,8,63,1.42,1626
16,ЮТжн,2,17,гХ,37,10,25,33,14,58,1.25,1627
14,ЮТжн,2,18,гХ,21,5,10,16,7,41,1.09,1628
36,ЮТжн,2,19,гХ,25,22,14,19,7,28,0.82,1629
47,ЮТжн,2,20,гХ,47,26,33,44,12,34,0.86,1630
71,ЮТжн,2,21,СМ,63,21,45,68,23,52,0.87,1631
40,ЮТжн,2,22,СМ,82,37,60,90,48,61,1.09,1632
49,ЮТжн,2,23,СМ,74,30,54,85,20,55,1.03,1633
14,ЮТжн,2,24,СМ,97,48,72,105,15,74,1.34,1634
4,ЮТжн,2,25,СМ,71,67,51,68,17,91,1.65,1635
21,ЮТжн,2,26,СМ,80,66,58,75,19,82,1.74,1636
20,ЮТжн,2,27,СМ,85,85,62,94,31,72,1.4,1637
31,ЮТжн,2,28,СМ,65,95,45,74,24,71,1.16,1638
26,ЮТжн,1,1,ЧсЖШЮлШО,106,60,80,147,35,92,1.24,1639
18,ЮТжн,1,2,ЧсЖШЮлШО,104,48,80,155,31,100,1.54,1640
28,ЮТжн,1,3,ЧсЖШЮлШО,117,67,88,163,29,105,1.35,1641
20,ЮТжн,1,4,жаЖШЮлШО,169,144,130,216,42,105,1.54,1642
22,ЮТжн,1,5,жиЖШЮлШО,227,155,177,273,51,94,1.7,1643
23,ЮТжн,1,6,жаЖШЮлШО,168,95,130,196,27,77,1.59,1644
2,ЮТжн,1,7,СМ,90,59,65,124,27,83,1.53,1645
11,ЮТжн,1,8,СМ,74,89,51,91,16,56,1.52,1646
48,ЮТжн,1,9,гХ,49,15,32,50,19,32,0.87,1647
39,ЮТжн,1,10,СМ,61,18,42,71,18,44,0.86,1648
13,ЮТжн,1,11,СМ,67,27,42,83,16,68,0.97,1649
7,ЮТжн,1,12,гХ,47,13,28,50,10,52,1.04,1650
31,ЮТжн,1,13,СМ,86,73,63,87,16,47,1.1,1651
37,ЮТжн,1,14,ЧсЖШЮлШО,118,96,89,112,19,46,1.26,1652
40,ЮТжн,1,15,СМ,80,35,58,83,19,52,1.04,1653
23,ЮТжн,1,16,СМ,67,15,46,80,16,62,1.14,1654
19,ЮТжн,1,17,СМ,77,15,55,96,24,66,1.34,1655
41,ЮТжн,1,18,ЧсЖШЮлШО,144,77,109,171,26,71,1.71,1656
30,ЮТжн,1,19,жаЖШЮлШО,195,118,148,206,24,82,2.05,1657
40,ЮТжн,1,20,ЧсЖШЮлШО,133,100,101,144,19,70,1.8,1658
36,ЮТжн,1,21,СМ,98,122,70,119,31,53,1.63,1659
38,ЮТжн,1,22,СМ,65,12,44,76,19,49,1.58,1660
24,ЮТжн,1,24,гХ,50,9,32,51,9,54,1.58,1661
34,ЮТжн,1,25,СМ,52,12,35,55,9,50,1.39,1662
53,ЮТжн,1,26,ЧсЖШЮлШО,138,148,103,134,13,43,1.71,1663
36,ЮТжн,1,27,гХ,43,12,25,44,6,38,1.25,1664
30,ЮТжн,1,28,гХ,48,18,29,49,8,46,1.35,1665
36,ЮТжн,1,29,СМ,65,38,46,68,8,49,1.5,1666
43,ЮТжн,1,30,СМ,89,41,66,88,10,46,1.61,1667
41,ЮТжн,1,31,бЯжиЮлШО,256,128,218,260,18,39,1.48,1668
35,ЮТжн,12,1,СМ,91,44,61,121,17,85,0.95,1669
33,ЮТжн,12,2,СМ,89,32,83,156,30,97,1.14,1670
38,ЮТжн,12,3,ЧсЖШЮлШО,114,33,106,183,30,99,1.48,1671
22,ЮТжн,12,4,ЧсЖШЮлШО,120,39,106,182,31,97,1.65,1672
23,ЮТжн,12,5,ЧсЖШЮлШО,115,44,102,179,29,86,1.47,1673
58,ЮТжн,12,6,ЧсЖШЮлШО,106,42,122,209,35,74,1.44,1674
53,ЮТжн,12,7,жаЖШЮлШО,184,59,192,277,43,88,1.88,1675
20,ЮТжн,12,8,жиЖШЮлШО,234,64,150,222,25,83,1.8,1676
41,ЮТжн,12,9,жаЖШЮлШО,180,54,128,180,20,56,2.02,1677
48,ЮТжн,12,10,ЧсЖШЮлШО,120,64,80,122,30,44,1.76,1678
20,ЮТжн,12,11,ЧсЖШЮлШО,102,46,74,134,35,66,1.89,1679
19,ЮТжн,12,12,СМ,99,48,89,169,51,69,2.23,1680
29,ЮТжн,12,13,ЧсЖШЮлШО,109,49,97,165,40,69,2.42,1681
12,ЮТжн,12,14,ЧсЖШЮлШО,115,42,107,179,39,82,2.65,1682
28,ЮТжн,12,15,СМ,97,47,55,93,11,50,2.23,1683
31,ЮТжн,12,16,СМ,52,27,22,31,6,37,2.17,1684
10,ЮТжн,12,17,гХ,23,17,12,18,7,34,2.01,1685
21,ЮТжн,12,18,гХ,23,6,22,35,15,39,1.38,1686
38,ЮТжн,12,19,СМ,65,30,67,104,23,49,1.55,1687
34,ЮТжн,12,20,ЧсЖШЮлШО,103,44,93,147,32,71,1.57,1688
33,ЮТжн,12,21,ЧсЖШЮлШО,114,49,111,165,37,68,1.25,1689
28,ЮТжн,12,22,ЧсЖШЮлШО,108,29,72,116,30,66,0.97,1690
26,ЮТжн,12,23,СМ,92,16,66,113,26,65,0.93,1691
40,ЮТжн,12,24,СМ,94,18,79,123,28,61,1.04,1692
20,ЮТжн,12,25,ЧсЖШЮлШО,114,21,101,154,32,79,1.36,1693
47,ЮТжн,12,26,ЧсЖШЮлШО,118,31,109,161,39,58,1.4,1694
29,ЮТжн,12,27,ЧсЖШЮлШО,143,81,126,181,46,63,1.51,1695
22,ЮТжн,12,28,ЧсЖШЮлШО,102,57,64,123,33,71,1.38,1696
21,ЮТжн,12,29,СМ,93,41,72,135,36,78,1.5,1697
19,ЮТжн,12,30,ЧсЖШЮлШО,102,34,97,182,44,100,1.83,1698
22,ЮТжн,12,31,ЧсЖШЮлШО,114,72,94,167,41,102,1.55,1699
53,ЮТжн,11,1,СМ,61,18,41,71,6,36,0.95,1700
25,ЮТжн,11,2,гХ,47,9,28,48,9,46,0.77,1701
12,ЮТжн,11,3,гХ,43,7,27,42,9,45,0.9,1702
45,ЮТжн,11,4,СМ,74,28,53,73,15,41,1.17,1703
70,ЮТжн,11,5,СМ,65,22,42,75,15,44,0.87,1704
35,ЮТжн,11,6,СМ,70,17,46,90,16,63,1.14,1705
77,ЮТжн,11,7,СМ,79,27,57,113,24,49,0.98,1706
69,ЮТжн,11,8,ЧсЖШЮлШО,107,59,76,143,24,70,1.63,1707
26,ЮТжн,11,9,ЧсЖШЮлШО,103,54,78,133,19,74,1.72,1708
38,ЮТжн,11,10,СМ,78,58,43,90,16,53,1.64,1709
25,ЮТжн,11,11,СМ,57,46,21,45,6,49,1.46,1710
15,ЮТжн,11,12,гХ,46,25,29,39,3,55,1.28,1711
12,ЮТжн,11,13,гХ,36,20,20,31,3,58,1.48,1712
9,ЮТжн,11,14,гХ,50,26,40,74,15,68,1.25,1713
36,ЮТжн,11,15,СМ,64,27,51,101,30,57,1.16,1714
46,ЮТжн,11,16,СМ,91,29,76,143,22,71,1.64,1715
38,ЮТжн,11,17,СМ,100,58,69,148,21,69,1.57,1716
39,ЮТжн,11,18,ЧсЖШЮлШО,105,86,62,156,25,70,1.58,1717
38,ЮТжн,11,19,СМ,95,57,64,134,29,78,1.65,1718
42,ЮТжн,11,20,СМ,96,38,68,137,25,81,2.0,1719
30,ЮТжн,11,21,СМ,93,29,65,137,23,91,2.12,1720
32,ЮТжн,11,22,СМ,87,25,61,132,23,96,2.26,1721
12,ЮТжн,11,23,СМ,99,31,69,159,25,107,2.5,1722
2,ЮТжн,11,24,ЧсЖШЮлШО,110,42,83,151,17,86,3.01,1723
43,ЮТжн,11,25,СМ,71,39,33,74,13,50,2.41,1724
27,ЮТжн,11,26,СМ,82,55,58,137,24,74,2.27,1725
19,ЮТжн,11,27,СМ,98,73,57,138,18,69,2.06,1726
24,ЮТжн,11,28,СМ,82,91,55,118,27,58,2.12,1727
23,ЮТжн,11,29,СМ,84,78,55,118,27,73,2.38,1728
19,ЮТжн,11,30,СМ,86,55,60,130,25,87,1.82,1729
42,ЮТжн,10,28,СМ,78,19,53,104,19,61,0.91,1730
49,ЮТжн,10,29,СМ,74,34,46,96,20,55,0.95,1731
41,ЮТжн,10,30,СМ,73,34,47,95,15,48,1.11,1732
55,ЮТжн,10,31,СМ,55,12,31,60,9,35,1.15,1733
37,ЮТжн,7,1,гХ,31,45,16,30,5,19,0.53,1734
51,ЮТжн,7,2,гХ,44,143,24,45,7,25,0.6,1735
36,ЮТжн,7,3,гХ,48,197,29,49,5,38,0.76,1736
39,ЮТжн,7,4,гХ,44,141,25,43,5,39,0.88,1737
54,ЮТжн,7,5,гХ,48,206,20,38,4,34,0.86,1738
43,ЮТжн,7,6,гХ,49,235,31,37,5,34,0.8,1739
55,ЮТжн,7,7,СМ,51,262,31,45,6,31,0.75,1740
56,ЮТжн,7,8,гХ,46,235,23,45,6,20,0.61,1741
33,ЮТжн,7,9,гХ,34,127,16,33,6,19,0.54,1742
32,ЮТжн,7,10,гХ,35,124,20,31,6,12,0.45,1743
45,ЮТжн,7,11,гХ,25,19,8,19,3,5,0.43,1744
37,ЮТжн,7,12,гХ,25,25,12,23,4,9,0.53,1745
21,ЮТжн,7,13,гХ,28,53,12,27,5,11,0.51,1746
28,ЮТжн,7,14,гХ,27,51,11,26,5,12,0.49,1747
26,ЮТжн,7,15,гХ,30,62,13,28,6,16,0.53,1748
21,ЮТжн,7,16,гХ,24,29,9,23,5,13,0.52,1749
20,ЮТжн,7,17,гХ,25,24,8,24,5,12,0.54,1750
19,ЮТжн,7,18,гХ,24,18,9,23,5,14,0.53,1751
27,ЮТжн,7,19,гХ,26,36,9,25,6,15,0.5,1752
39,ЮТжн,7,20,гХ,34,64,16,31,6,18,0.47,1753
21,ЮТжн,7,21,гХ,45,101,24,47,6,25,0.56,1754
38,ЮТжн,7,22,гХ,31,43,13,30,5,18,0.52,1755
22,ЮТжн,7,23,СМ,55,208,30,59,8,37,0.72,1756
50,ЮТжн,7,24,СМ,62,260,38,70,6,40,0.82,1757
58,ЮТжн,7,25,СМ,61,242,32,66,5,34,0.78,1758
57,ЮТжн,7,26,СМ,61,245,32,70,7,29,0.67,1759
64,ЮТжн,7,27,СМ,57,259,30,56,7,28,0.63,1760
78,ЮТжн,7,28,СМ,63,259,28,58,7,31,0.6,1761
93,ЮТжн,7,29,СМ,80,305,41,73,7,32,0.68,1762
84,ЮТжн,7,30,СМ,75,301,36,67,6,38,0.74,1763
94,ЮТжн,7,31,СМ,60,249,20,42,5,26,0.66,1764
71,ЮТжн,8,1,гХ,49,170,23,42,4,31,0.73,1765
52,ЮТжн,8,2,гХ,42,136,21,40,5,33,0.71,1766
66,ЮТжн,8,3,СМ,54,232,24,44,6,37,0.75,1767
62,ЮТжн,8,4,гХ,49,192,25,46,6,33,0.78,1768
67,ЮТжн,8,5,СМ,53,188,26,51,7,26,0.73,1769
65,ЮТжн,8,6,СМ,51,172,24,48,7,23,0.69,1770
58,ЮТжн,8,7,гХ,44,129,20,39,6,19,0.63,1771
54,ЮТжн,8,8,гХ,38,64,19,35,6,18,0.55,1772
73,ЮТжн,8,9,СМ,54,164,23,53,7,23,0.58,1773
94,ЮТжн,8,10,СМ,69,242,37,66,7,24,0.62,1774
90,ЮТжн,8,11,СМ,68,224,41,71,7,21,0.68,1775
64,ЮТжн,8,12,гХ,43,111,23,38,5,15,0.64,1776
55,ЮТжн,8,13,гХ,35,84,19,31,5,15,0.67,1777
28,ЮТжн,8,14,гХ,21,15,7,20,4,9,0.54,1778
41,ЮТжн,8,15,гХ,31,56,12,30,5,18,0.61,1779
50,ЮТжн,8,16,гХ,42,174,21,41,5,21,0.66,1780
86,ЮТжн,8,17,гХ,49,224,25,46,5,17,0.72,1781
49,ЮТжн,8,18,гХ,29,25,10,24,4,11,0.71,1782
39,ЮТжн,8,19,гХ,21,11,10,17,4,18,0.82,1783
56,ЮТжн,8,20,гХ,34,54,15,31,5,19,0.75,1784
77,ЮТжн,8,21,гХ,48,137,18,37,5,20,0.69,1785
69,ЮТжн,8,22,гХ,43,98,17,34,5,19,0.62,1786
78,ЮТжн,8,23,гХ,50,123,20,41,5,27,0.68,1787
38,ЮТжн,8,25,гХ,27,21,15,25,4,17,0.66,1788
50,ЮТжн,8,27,гХ,26,9,8,20,4,13,0.62,1789
32,ЮТжн,8,29,гХ,23,12,11,22,5,25,0.69,1790
55,ЮТжн,8,31,гХ,36,118,15,34,6,21,0.62,1791
81,ЮТжн,9,2,гХ,44,190,20,41,5,23,0.7,1792
81,ЮТжн,9,3,СМ,52,229,30,53,6,34,0.79,1793
50,ЮТжн,9,4,СМ,53,233,31,55,5,31,0.84,1794
107,ЮТжн,9,5,СМ,71,298,33,60,5,21,0.89,1795
82,ЮТжн,9,6,СМ,54,203,28,49,5,22,0.75,1796
43,ЮТжн,9,7,гХ,50,257,26,49,7,36,0.81,1797
54,ЮТжн,9,8,гХ,31,50,15,27,4,28,0.67,1798
59,ЮТжн,9,9,гХ,32,34,15,27,5,29,0.57,1799
66,ЮТжн,9,10,гХ,46,133,16,37,6,28,0.51,1800
41,ЮТжн,9,11,гХ,36,53,17,35,5,36,0.59,1801
36,ЮТжн,9,12,гХ,23,10,10,19,5,30,0.6,1802
35,ЮТжн,9,13,гХ,32,60,15,30,5,27,0.57,1803
44,ЮТжн,9,14,гХ,37,77,17,36,6,19,0.5,1804
32,ЮТжн,9,15,гХ,31,51,13,30,5,15,0.46,1805
19,ЮТжн,9,16,гХ,29,61,9,28,4,9,0.44,1806
15,ЮТжн,9,17,гХ,28,70,8,27,4,13,0.56,1807
28,ЮТжн,9,18,гХ,37,156,15,37,6,22,0.67,1808
32,ЮТжн,9,19,гХ,43,187,17,42,6,22,0.61,1809
36,ЮТжн,9,20,гХ,41,128,18,40,8,25,0.57,1810
56,ЮТжн,9,21,СМ,52,212,24,45,6,28,0.65,1811
55,ЮТжн,9,22,гХ,35,67,11,24,5,22,0.7,1812
40,ЮТжн,9,23,гХ,27,42,10,18,5,30,0.72,1813
59,ЮТжн,9,24,гХ,29,65,14,25,5,21,0.68,1814
93,ЮТжн,9,25,гХ,46,190,12,28,5,14,0.48,1815
69,ЮТжн,9,26,гХ,36,78,12,29,5,20,0.42,1816
74,ЮТжн,9,27,гХ,40,106,15,37,5,20,0.41,1817
68,ЮТжн,9,28,гХ,38,84,14,32,5,22,0.4,1818
101,ЮТжн,9,29,гХ,49,164,17,37,5,19,0.42,1819
115,ЮТжн,9,30,СМ,66,268,29,54,7,29,0.51,1820
91,ЮТжн,10,1,СМ,70,332,31,65,8,39,0.59,1821
91,ЮТжн,10,2,СМ,60,214,20,48,7,29,0.56,1822
96,ЮТжн,10,3,СМ,61,163,24,52,7,27,0.57,1823
94,ЮТжн,10,4,СМ,53,110,21,42,6,23,0.46,1824
96,ЮТжн,10,5,СМ,53,92,16,44,5,18,0.43,1825
121,ЮТжн,10,6,СМ,68,208,27,55,7,28,0.52,1826
97,ЮТжн,10,7,СМ,73,223,34,66,8,35,0.61,1827
91,ЮТжн,10,8,СМ,62,182,26,55,7,28,0.6,1828
87,ЮТжн,10,9,СМ,55,179,23,54,7,25,0.56,1829
69,ЮТжн,10,10,гХ,44,141,27,43,5,29,0.73,1830
57,ЮТжн,10,11,гХ,32,46,13,25,6,30,0.56,1831
69,ЮТжн,10,12,гХ,42,69,16,36,7,28,0.38,1832
63,ЮТжн,10,13,СМ,52,115,18,54,7,30,0.4,1833
45,ЮТжн,10,14,гХ,44,115,20,44,6,32,0.52,1834
37,ЮТжн,10,15,гХ,30,66,17,28,5,32,0.52,1835
33,ЮТжн,10,16,гХ,24,30,13,22,5,29,0.6,1836
36,ЮТжн,10,17,гХ,38,96,24,37,6,47,0.79,1837
80,ЮТжн,10,18,СМ,62,259,31,57,7,30,0.7,1838
86,ЮТжн,10,19,гХ,47,146,18,39,6,22,0.56,1839
52,ЮТжн,10,20,СМ,52,179,26,55,8,40,0.63,1840
47,ЮТжн,10,21,СМ,51,161,26,53,7,35,0.61,1841
13,ЮТжн,10,22,СМ,55,181,32,60,7,48,0.82,1842
31,ЮТжн,10,23,гХ,43,113,20,42,7,35,0.88,1843
71,ЮТжн,10,24,СМ,51,141,26,50,7,30,0.73,1844
55,ЮТжн,10,25,СМ,64,187,42,75,8,45,0.75,1845
28,ЮТжн,10,26,СМ,61,226,36,71,8,48,0.88,1846
66,ЮТжн,10,27,СМ,59,202,23,66,9,39,0.53,1847
64,ЮТжн,10,28,СМ,70,282,32,88,11,52,0.52,1848
40,ЮТжн,12,9,СМ,77,147,54,89,17,53,0.77,1
37,ЮТжн,12,10,СМ,73,129,51,94,16,63,0.65,2
45,ЮТжн,12,11,СМ,83,194,61,111,22,57,0.73,3
27,ЮТжн,12,12,СМ,90,247,66,115,18,62,0.8,4
49,ЮТжн,12,13,СМ,53,106,29,56,10,30,0.38,5
22,ЮТжн,12,14,СМ,55,118,29,59,7,48,0.59,6
10,ЮТжн,12,15,гХ,42,99,27,41,8,52,0.61,7
28,ЮТжн,12,16,гХ,34,42,20,31,8,35,0.68,8
54,ЮТжн,12,17,СМ,89,301,65,87,13,37,0.96,9
42,ЮТжн,12,18,СМ,73,199,52,81,14,51,0.85,10
